question,answer
XDR是什么？,XDR是Extended Detection and Response的缩写，旨在整合和分析来自多个数据源的安全事件，以提供更全面的威胁检测、响应和预防。与传统的SIEM（安全信息和事件管理）不同，XDR不仅仅是将异构的安全告警数据进行数据接入、数据标准化处理后，通过一系列的存储分析后和一些流程工单、通报预警、OA系统、绩效评估、处置响应、SOAR系统进行了打通，而是具备深度的分析关联能力，可以进行深度关联和狩猎。目前国内的主要XDR厂商是深信服，而国外的主要玩家有Palo Alto Networks、CrowdStrike、Microsoft等。
当前安全行业的痛点有哪些？,"安全行业的痛点：
网络安全事件层出不穷，网络安全形势也愈来愈复杂和严峻。在黑色产业链的利益驱使下，黑客的手段越来越成熟，各种基于社会工程学、0day漏洞和绕过攻击等新型手段发起的攻击不断出现，网络安全问题呈现出多元化的发展趋势。面对网络安全问题的快速变化，传统的安全解决方案发展却过于缓慢。目前主流的应对方案依然是基于大量安全产品的简单组合，存在较多的不足。
首先，在安全设备检测方面：
1） 安全设备孤岛式分布，无法真正协同工作
	一次安全事件会同时在多个点留下痕迹，但安全设备彼此是独立的，尽管这些单独的安全设备能够提供自身负责范围的日志和告警，但它们并没有将整个攻击面的点连接起来，无法真正协同工作。现有的安全运营能力都是基于安全分析师的人工关联，但是告警来自多源异构数据，大多是碎片化的，非常难以整合，同时告警研判过程中存在重复低效的二次取证工作，安全分析师需要在不同安全设备间反复切换，不完备的资产实体库同样也为研判带来了阻塞，最后，这些汇总整合研判的工作都由安全分析师来完成，而企业人员的精力和能力常常成为了最难以逾越的鸿沟。
2） 主要基于规则识别，未知威胁难以应对
	传统的安全设备往往只能通过规则匹配机制发现已知威胁，对未知攻击没有有效的检测手段。越来越多的攻击对抗技术、APT攻击，出现了很多绕过单一安全防护设备的规则的手法，而设备厂商往往对于绕过手法后知后觉，处于一种“被动挨打”的不利地位。甚至出现了某些针对架构或基本能力的绕过手法，安全设备厂商从感知到改进修复，到下发到用户，是需要一个很长的周期的，这极大的挑战了单一安全设备的防护能力。
	其次，在安全运营人员响应方面：
3） 安全事件处置碎片化，难以打破产品边界
	传统的安全事件响应处置只关注单品的响应能力，未做到网端协同响应，这也是由告警数据太多、不够精准导致的，最终处置往往是“一刀切”，直接对危险资产实体进行断网或重装的办法。在没有威胁精准定位支撑的情况下，这种粗暴的办法似乎也难以替代，但当安全事件数量超过人工手动处理能力的时候，当危险资产涉及企业核心资产的时候，这种粗暴办法的缺点便暴露无遗，面对这些情况企业往往是非常棘手的。
4） 安全运营效率低下，运营人员疲于应付重复、单一的工作
	企业购买大量异构安全设备，分散在各处，产生大量日志，给日志分析和事件处理带来困难。运维人员被大量零散的信息淹没，无法做出宏观判断和有效决策，在多个设备间反复切换，导致效率低下，无法充分发挥每个设备最佳的能力。"
什么是NDR？,NDR是网络检测与响应（Network Detection and Response）的缩写，是一种网络安全技术，主要用于检测和响应网络中的威胁和攻击。NDR技术通过对网络流量、网络行为和终端设备等进行实时监控和分析，可以快速发现网络中的异常行为和威胁，并提供相应的响应措施。与传统的IDS/IPS等安全设备相比，NDR技术更加注重对网络中的威胁进行全面的检测和响应，可以更好地保护企业的网络安全。
NDR的优缺点有哪些？,"优点：
基于网络流量实时监测与内置的丰富规则模型，可获取大部分攻击的线索，对威胁检测范围涵盖较广
缺点：
（1）产出大量的灰度告警，对运营人员要求高，难定位处理问题，海量告警难削减、误报频出、无法定位高价值告警；
（2）基于网络侧流量检测效果有瓶颈，数据来源单一，难以应对复杂性攻击。
（3）安全可视化做的较差"
什么是SIEM？,SIEM是安全信息与事件管理（Security Information and Event Management）的缩写，是一种安全技术，主要用于将来自不同安全设备的日志数据进行集中管理、分析和报告，以便于检测和响应安全事件，可基于数据挖掘技术实现对日志/告警字段的强关联。SIEM技术可以帮助企业实现对安全事件的实时监控、威胁检测、事件响应和合规性审计等功能。
SIEM的优缺点有哪些？,"优势：
比较符合技术性客户使用习惯，功能更为细致丰富，自定义建模最够灵活，定制化程度高
劣势：
针对于威胁检测响应能力的实现需要依赖规则建模，而这点奠定在专家知识积累之上，而基于经验的规则建模，难以实现高级威胁、未知威胁的检出；缺少对安全数据的深入理解，难以有效利用数据的高价值；缺少自动化调查、响应能力；平台架构的设计问题导致威胁检测效率较低、无模型自动快速迭代的能力。"
XDR的优缺点有哪些？,"优点：
统一威胁检测响应的平台，解决碎片化问题，方便管理和操作；
可以进行深度关联和狩猎，提供更准确的安全态势和告警消减；
提供进程链举证功能，清晰展现端点上具体到进程、文件、网络等类型的行为；
易于客户更好理解安全事件属性，提供威胁检测能力，可以大幅提升第三方数据的分析效果。
缺点：
1、原生组件要求高，NDR/EDR得是一体化的
2、对于业务建模能力较差"
安全行业目前有什么国家政策？,"网络安全是一个事关国家安全的重大战略性问题，党的十八大以来，党中央、国务院高度重视网络安全工作，在2018年召开的全国网络安全和信息化工作会议上，习近平总书记站在战略和全局高度，就网络安全工作发表了一系列重要讲话，强调了要树立正确的网络安全观，加强信息基础设施网络安全防护，加强网络安全信息统筹机制、手段、平台建设，加强网络安全事件应急指挥能力建设，积极发展网络安全产业，做到关口前移，防患于未然。为网络安全工作指明了方向。在2021年，我国先后制定颁布了多项政策法规用于规范企业网络安全建设，其中包括《网络产品安全漏洞管理规定》、《关键信息基础设施安全保护条例》等等，从多个维度制定网络产品规范，明确基础设施安全保障要求，为国家和企业信息安全建设提供了规范和指引。
习近平总书记在网安和信息化会议上指出，网络安全的本质在对抗，对抗的本质在攻防两端能力较量。要落实网络安全责任制，制定网络安全标准，明确保护对象、保护层级、保护措施。要下定决心、保持恒心、找准重心，加速推动信息领域核心技术突破。要抓产业体系建设，在技术、产业、政策上共同发力。要遵循技术发展规律，做好体系化技术布局，优中选优、重点突破。
从党和国家对于网络空间安全的重视，可以看到面对日新月异的攻防对抗技术更新换代，网络安全面对着攻击者的不断挑战，和防御技术不断落后的风险。同时根据习近平总书记“遵循技术规律，做好体系化技术布局”的指导意见，紧跟技术前沿，拥有全局化、体系化的安全视角，对掌握现今复杂的安全态势、接住来自攻击者不断更新的技术挑战，显得尤为重要。在这种政策指引的背景下，一个拥有统一构建平台、威胁对抗检测、响应处置一体能力的产品亟待出现。"
安全行业的态势如何？,"互联网技术的飞速发展使得互联网承载的价值越来越多、网络的规模和复杂度越来越大，因此，黑客有了越来越多的动机和手段来窃取企业的机密信息和资源，甚至是对企业资产造成破坏。
1）网络安全威胁不断升级，网络空间对抗态势进一步加剧
根据《深信服2021年网络安全状况特点研判报告》的统计数据中提到，恶意软件团伙更加专注于提高收益，不同类型团伙间合作更加紧密，挖矿类恶意软件占比达到51%，相较于去年的31%大幅提升，勒索软件的拦截量虽然占比较低，但一旦主机及服务器被攻陷，所造成的危害极大；0day漏洞利用情况愈发严重，全年利用频次环比增长161%；APT组织攻击技术持续创新，多次攻击安全研究者窃取研究成果以储备武器库，攻击目标开始转向软件供应链服务商；国内数据泄露事件频发，黑客利用供应链攻击造成我国大规模数据泄露。综合整个2021年网络安全状况可以得出：网络空间对抗态势进一步加剧。
2）国家重视监测预警和信息通报，合规监管趋于严格
	从合规合法角度看，2017年6月1日，《中华人民共和国网络安全法》正式施行，其中第五十一条，国家建立网络安全监测预警和信息通报制度。国家网信部门应当统筹协调有关部门加强网络安全信息收集、分析和通报工作，按照规定统一发布网络安全监测预警信息；第五十二条，负责关键信息基础设施安全保护工作的部门，应当建立健全本行业、本领域的网络安全监测预警与信息通报制度，并按照规定报送网络安全预警信息。
	并且，等级保护2.0相关政策条例的修订与出台、也提出了一些新的安全要求，企业和组织应依据国家网络安全等级保护政策和标准，开展组织管理、机制建设、安全规划、通报预警、应急处置、态势感知、能力建设、监督检查、技术检测、队伍建设、教育培训和经费保障等工作。
	3）攻防技术不对等，安全运营能力缺乏时效性
美国最大通信厂商Verizon对企业安全事件进行了调查和统计，得出的结论是：不计算前期侦察与信息获取的过程，攻击者从实施攻击到入侵得手仅需花费数小时的时间，相比之下，62%以上的企业需要花上数周甚至超过一个月的时间才能发现黑客攻击，随后还需要数天至数周的时间完成响应和补救工作；在另外一项统计调查中，研究机构Ponemon Institute从全球252个机构的1928起攻击事件的中发现，攻击事件的平均解决时间为46天，而每延迟发现和解决攻击事件一天，企业就会损失21155美元。
4）护网行动规模扩大，攻防演习常态化
2016年，公安部会同民航局、国家电网，组织了“护网2016”https://md5.com/活动。同年，《网络安全法》出台，颁布了网络安全演练的相关规定：关键信息基础设施运营者应当“制定网络安全事件应急预案，定期进行演练”。
2016年仅公安部、民航局、国家电网三个事业单位参与“护网2016”行动。2017年部分政府部门加入“护网2017”行动，组织演练模拟门户网站、重要信息系统遭受攻击破坏等真实场景。2018年部分国有企事业单位及其它重点单位加入“护网2018”行动，组织演练模拟对相关网站和信息系统展开攻击。2019年涉及范围更广，工信、安全、武警、交通、铁路、民航、能源、新闻广电、电信运营商等单位都加入到“护网2019”行动中，充分彰显国家对网络安全的重视，后续几年又有公有云、物联网的加入，整个护网行动呈现常态化、覆盖化的态势。网络安全对抗演练越来越贴近实际情况，各机构对待网络安全需求也从被动构建，升级为业务保障刚需。
由此可见，在网络复杂性极大、网络弱点极多的今天，威胁对抗态势不断加剧，国家重视程度也空前提高，企业想利用单一安全设备阻止攻击者进入内网是难以做到的，并且0day和APT攻击等等更高级的攻击技术的增多、传统的安全验证体系不完善，也导致安全运营能力成为难题。"
XDR的基本特征是什么？,"1、XDR的最佳效果是基于云原生的
XDR的检测能力需要较全面地覆盖已知黑客攻击技战术，同时需要针对新出现的攻击技战术快速开发对应的检测模型&算法，以及相关的调查、响应、狩猎功能。因此当前较完善的XDR产品均是基于云原生SaaS化提供的，可以基于集中的专家、算力和遥测数据和情报资源，更快、更好地快速迭代产品，可以认为云原生是XDR 快速发展的必要条件。即使一个本地化部署的XDR平台，也需要基于云端的持续运营来提供快速的更新。通过云原生提升安全对抗效率，一个典型的案例就是在2021年Log4j2 漏洞爆发时，CrowdStrike基于其云原生架构，在漏洞披露24小时内就提供了检测、处置和修复的完整能力，并且在数天内提供了专项的漏洞数据统计监控，这种速度对于单纯依赖本地化平台的产品是难以想象的。在用户不同需求场景中，本地化XDR也有其存在的必要性，不能完全被SaaS化所取代，但想要达到XDR最佳效果，充分发挥其价值，基于云原生的XDR是最佳实践。
2、XDR覆盖检测和响应
XDR顾名思义包括检测和响应能力，需要集成全面、完善的检测技术在行业内没有争议，但在响应技术上还有不同的认识。全面、完善的检测技术，即需要包括：
（1）传统的特征检测（恶意代码特征、漏洞特征、IOC失陷指标）；
（2）启发式检测（对抗混淆、加壳恶意代码的一种检测方式，关注代码运行过程中的恶意行为检测）；
（3）基于行为的检测（IOA攻击信标）；
（4）各种威胁狩猎能力，包括被动、主动和自动化不同的方式。"
XDR产品定位是什么？,深信服XDR是一种安全威胁检测和事件响应平台，通过原生的流量采集工具与端点采集工具收集关键数据，通过网端聚合分析引擎对数据进行上下文关联分析，实现攻击链深度溯源，结合托管检测与响应服务MDR，释放人员精力；同时具备可扩展的接口开放性，协同SOAR等产品，化繁为简，带来深度检测、精准响应、持续生长的安全效果体验。
XDR设计理念是什么？,"深信服XDR专注于应对安全挑战、解决行业痛点，设计理念围绕以下三大思路：
1）XDR为网络空间安全提供统一的全局视野。EDR/CWPP横跨各种终端、AF/STA/SIP覆盖网络、SaaS应用、云基础设施等网络资源，通过终端侧、网络侧遥测数据智能采集技术，真正实现网络空间全面可见性。XDR平台将各遥测点采集的遥测数据进行泛化、格式化，再聚合和分析，深度了解所保护或监控的对象中是否存在的安全风险与攻击（包括隐蔽风险与攻击），甚至可以回溯之前已经发生过的相关安全事件，让网络安全不仅具备可观测性，更具有可见预判性。解决了以往安全设备孤岛式分布，无法真正协同工作的问题。
2） XDR通过详尽的攻击可视化，提升安全研判及溯源的效率。通过端、网、云等遥测数据关联技术，构建完整的高质量场景化故事链，以清晰呈现事件的全过程。同时IOA+IOC等检测技术的融合，网+端实现攻击路径中各节点行为痕迹的自动化关联分析，不仅可以发现未知威胁行为，更能持续提升检测精度。解决了之前主要基于规则识别，未知威胁难以应对，并且海量告警难以处置，导致安全事件处置碎片化的难题。
3）XDR通过智能聚合与关联，驱动安全运营人员由关注告警（Alerts）向注重事件（Incidents）的质变。能有效降低大量告警噪音数据，为安全运维和分析人员减负。同时借助于深信服SaaS能力赋能，云端情报让企业快速感知社区价值，云端算力加持保证安全能力实时更新，云端XTH威胁狩猎团队对XDR产生的安全事件进行7*24小时研判，研判后的事件会打上XTH标签，事件准确率高达99.9%，以方便用户及时处置威胁，能够有效解决企业安全运营效率低下的难题。"
XDR的组成有哪些部分？,"深信服XDR平台采用“平台+组件+服务”的方式，平台支持SaaS化和分布式本地版化两种部署方式，组件包括：
- 网络流量采集工具：下一代防火墙AF/威胁检测探针STA/SIP一体机/态势感知SIP/NDR	- 端点行为采集工具：EDR探针版/EDR全量版/CWPP	- 其他遥测点采集工具：容器数据采集工具、邮件数据采集工具……
- 可选响应组件：上网行为管理AC、AF、云镜……"
XDR提供哪些服务？,"深信服的XDR中服务包括MDR和MSS服务。MDR围绕托管检测与响应服务，以及事件响应服务，提供以下能力：
- 7*24H威胁鉴定和通告：安全专家依托于安全能力平台的大数据分析和威胁检测能力实时监测用户网络安全状态，对平台监测到的安全威胁进行分析鉴定，识别到真正的安全事件。并对分析鉴定后的各类威胁告警、安全事件生成服务工单，并及时向用户通告；
- 云端专家实时答疑：安全专家对用户咨询或上报的安全问题进行及时响应并给出建议，如主机加固建议咨询、安全事件处置建议咨询等；
- 深度威胁狩猎：安全专家可针对内/外网或特定业务系统及特定漏洞，基于客户业务定制检测逻辑，尽可能快地发现漏洞或攻击痕迹，发现潜在的安全隐患和已失陷的主机/被钓鱼成功的员工/账密信息泄露等，最大限度地降低攻击者造成的危害，评估造成的损失等内容，最终帮助客户验证风险并推动发现的问题和隐患进行闭环处理；
- 安全事件调查：安全专家7*24H在线服务，对XDR平台产生的安全事件进行深度分析和调查，帮助用户分析和判断事件影响范围，并深度溯源事件入侵的原因，输出《事件调查报告》；
- 安全事件响应处置：安全专家7*24小时在线响应，协助用户对一般事件（如木马病毒、挖矿病毒、恶意攻击等）进行远程处置，输出《事件处置报告》；针对重大事件，安全专家协助用户对网络内发生的重大安全事件进行处置，包括对事件进行紧急遏制、检测和分析事件的影响范围、开展事件的溯源调查、提供响应后的安全加固方案等内容，输出《应急响应报告》；
- 服务成果可视化：安全月报，安全专家对每月的安全情况进行月度总结并形成快报进行推送；半年汇报，安全专家总结半年度安全服务情况并输出《半年度MDR服务总结报告》，并向用户进行总结汇报；年度汇报：安全专家总结年度安全服务情况并输出《年度MDR服务总结报告》，并向用户进行总结汇报。
MSS服务是围绕资产、漏洞、威胁、事件构建的安全托管服务，相较于MDR服务内容更广、更多，此处不再赘述。"
XDR产品有什么特点？,"1）深信服XDR支持SaaS化/本地版XDR平台两种部署方式，支持原生的NDR（STA/SIP/SIP一体机/NDR）、EDR （EDR探针版、EDR全量版、CWPP）、 上网行为管理AC、下一代防火墙AF、云镜等组件，可以方便的组合使用。本地版XDR可以接入第三方数据。
2） 深信服XDR采用业界领先的数据湖技术，有统一的安全数据可供分析和查询。
3） 网络侧，端点侧以及云端相互配合和协调，可以更快，更精准的发现高级复杂威胁及攻击，实现对整个攻击面全面可视化。网络侧（AF）和端点侧（EDR/CWPP）联动处理改变单一产品的响应过程。
4）凭借IOA、IOC检测技术结合、网端关联聚合分析，对于无文件攻击、白利用、凭证窃取、加密流量、0day漏洞、挖矿、无回包攻击成功、隧道代理、恶意下载、鱼叉钓鱼、进程注入、免杀工具等威胁类型有显著检测能力优势；对于Webshell场景、加密挖矿、精准漏洞攻击、数据外泄、恶意软件溯源、跨进程链关联、跨终端安全事件存在高可见性优势；在响应处置方面，存在可推荐跨进程链的处置对象的优势。"
XDR产品的架构是怎样的？,在过去几十年的时间里，软件架构和应用程序托管模型经历了多次重大转变，从中心化到去中心化，从虚拟机托管到云托管，再到微服务和容器技术。企业也在不断更新适合自己的架构模式和最佳实践。深信服XDR平台采用业界领先的Kubernetes容器编排技术+微服务架构，从数据采集到最终的安全可视呈现形成完整的层次结构。每一层具体的职责描述如下：
XDR是如何处理线上和线下业务的？,"深信服的XDR采用线上线下同架：
深信服的SaaS XDR与分布式XDR采用同架构设计，使得分布式XDR能快速获取云端SaaS XDR快速迭代、快速验证有效的安全能力，增快硬件安全设备的有效安全能力迭代效率，让客户始终处于最前沿的防护状态。传统厂商硬件安全设备的安全能力迭代与效果验证周期较长，往往需要数周以上的多轮迭代和验证，安全能力才能现成真正有防御效果，且效果验证难度大，往往需要到客户环境验证才能得到有效的安全效果验证。
深信服SaaS XDR利用了云原生架构、灰度/影子技术，促进安全能力天级迭代发布部署和检验效果，形成一个不断增强和不断往前迭代的安全能力飞轮，使我们能够快速追踪和适应安全威胁的快速演变。分布式XDR与SaaS XDR保持同架构设计，使得经过云端快速验证有效的新检测引擎能在第一时间同步到分布式XDR，比传统硬件安全设备厂商的安全能力迭代效率更快，使得分布式XDR具备SaaS XDR快速响应新的安全威胁能力。"
XDR支持采集的数据类型有哪些？,"深信服XDR遥测数据采集的类型分为三种，分别为网络侧遥测数据，终端侧遥测数据以及第三方数据，采集的数据以JSON或文件的格式上报。
其中网络侧遥测数据具体包含如下信息：
- SIP态势感知：脆弱性、服务探测、主机探测、网站攻击、后门通信、账号爆破、攻击利用、邮件攻击、DOS攻击、漏洞利用、黑客工具、异常流量。
- AF防火墙：网站攻击、漏洞攻击、业务风险、DOS攻击、勒索挖矿、僵尸网络、异常流量。
- STA探针：协议、NetFlow、少量Payload。
- SIP态势感知/AF防火墙/STA探针: 可疑日志。
- 云镜：资产、脆弱性数据

终端侧遥测数据具体包含如下信息：
- EDR/CWPP：传统杀毒类日志和IOA类日志。
- Windows：进程信息、网络连接、DNS查询、注册表修改、文件行为、服务信息、计划任务、账号信息、WMI（Windows 管理规范）、应用漏洞利用探针、API信息。
- Linux：文件、进程、驱动、系统调用、模块事件、脆弱性。

第三方数据具体包含如下信息：
AD域，VPN等日志，同时本地版 XDR平台具备广泛的第三方数据接入能力，能将用户现有的第三方设备日志接入做统一展示，保护用户原有投资。
- 支持第三方厂商：绿盟、天融信、启明、网御、奇安信、亚信、迪普、青藤等。
"
XDR对API的支持情况？,深信服XDR平台采用Istio作为统一的接入网关，Istio最初是由IBM、Google和Lyft开发的、一个完全开源的服务网格，作为透明的一层接入到现有的分布式应用程序里。它也是一个平台，拥有可以集成任何日志、遥测和策略系统的 API 接口。Istio多样化的特性使得能够成功且高效地运行分布式微服务架构，并提供保护、连接和监控微服务的统一方法。Istio 提供了对整个服务网格的行为洞察和操作控制的能力，以及一个完整的满足微服务应用各种需求的解决方案。包括服务发现、负载均衡、故障恢复、度量和监控等基本需求，和更复杂的运维需求，比如A/B测试、金丝雀发布、速率限制、访问控制和端到端认证等，具有较高的性能和极高的稳定性。
XDR如何传输数据？,"深信服XDR平台在数据上报和组件联动上采用两种自研的数据传输协议：
（１）数据上报：网络侧和终端侧组件上报的遥测数据通过深信服自研的加密协议进行传输，该协议基于HTTP/2和TLS加密，保障大批量数据传输时的性能和安全性。数据传输支持JSON、文件上传两种格式。
（２）组件联动：采用自研的https://grpc.io/双向流协议，gRPC是一个现代的、开源的远程过程调用 (RPC) 框架，基于https://developers.google.com/web/fundamentals/performance/http2协议。它使用户端和服务器应用程序能够透明地通信，并使构建连接系统变得更加容易，帮助我们构建具有高可见性的高度可扩展的系统，传输过程采用TLS加密保证传输过程中的安全性。gRPC双向流协议使得XDR平台和各联动组件之间可以异步通信，为“唯快不破”的安全场景提供了响应处置速度上的保障。组件联动还需要对唯一的组件ID进行认证，保障了平台、组件间通信的安全。"
XDR数据富化的能力？,"用户上传到XDR平台的数据形式各异，为了实现数据解析、ETL的标准化过程，深信服XDR平台提供了功能强大的解析算子、逻辑处理算子和标签算子。其中，解析算子目前支持多种格式的数据解析，包括CSV、KV、JSON、grok、正则、XML等格式，这些格式覆盖大多数企业数据分析的使用场景；数据过滤支持多字段、多条件进行组合，形成复杂的过滤条件，满足分析场景中灵活的需求；标签算子，可结合地理位置、资产信息、黑白名单和威胁情报等信息，为不同应用场景提供不同的选择，给原始数据添加对应的标签，富化形成结构化数据。
同时数据湖中具有安全分析平台，将网络侧收集的基本原始数据做初步筛选和转换，再进行存储，节约了存储成本的同时也为后续的分析能力提供基础。"
XDR的数据存储层是如何设计的？,深信服XDR通过Pulsar消息队列+ClickHouse数据库+深信服EDS构建业界先进的数据湖理念，轻松处理PB级海量数据。其中Pulsar拥有比Kafka更高的性能，可以轻松高效的收集数据；ClickHouse作为列式数据库，能够契合XDR平台对于数据中心的使用场景；通过采用深信服分布式存储EDS，构建全局、统一的数据湖数据信息平台，为XDR平台安全能力提供强有力的数据基础，并提供多种数据模型，构建应用、查询数据更加灵活。
XDR的消息中间件是怎样的？,"分布式计算环境下抽象数据输入的最佳实践就是消息队列，深信服XDR平台大部分采用Pulsar作为消息队列。Pulsar采用了分层的架构，解决了存储计算的松散耦合性，同时提供了很好的扩展性和可维护性，具备比Kafka更高的性能。Pulsar也通过订阅层的抽象，提供了统一的消息消费模型，特别是在Pulsar的设计之初，就注重对多租户的需求，提供了XDR业务需求的特性。
深信服XDR采用三层消息队列的架构设计，第一层是接入的原始JSON格式数据，经过富化后变为结构化的JSON数据，再进行序列化转换成AVRO格式最终存储在数据库当中。"
XDR如何实现数据持久化？,深信服XDR平台采用ClickHouse数据库存储热数据，ClickHouse是一个用于联机分析(OLAP)的列式数据库管理系统(DBMS)，提供毫秒级的日志检索分析体验。
ClickHouse有什么优势？,"１.多样化的表引擎：ClickHouse将存储部分进行了抽象，把存储引擎作为一层独立的接口。ClickHouse共拥有合并树、内存、文件、接口和其他6大类20多种表引擎，每一种表引擎都有着各自的特点，用户可以根据实际业务场景的要求，选择合适的表引擎使用。
２.列式存储：列式存储对于一款高性能数据库来说是必不可少的特性，ClickHouse 采用列式存储，这对于分析型请求非常高效。
３.数据压缩：由于 ClickHouse 采用列存储，相同列的数据属于同一类型，有利于获得更高的数据压缩比；ClickHouse支持 GZ、ZSTD 等通用压缩算法，还支持 Delta、DoubleDelta、Gorilla 等专用编码算法。
４.多级索引：列存用于裁剪不必要的字段读取，而索引则用于裁剪不必要的记录读取。ClickHouse 支持一级索引、二级索引等丰富的索引类型，从而在查询时尽可能的裁剪不必要的记录读取，提高查询性能。
５.向量化执行引擎：在支持列存的基础上，ClickHouse 实现了一套面向向量化处理的计算引擎，大量的处理操作都是向量化执行的，并且 ClickHouse 可利用 SIMD 指令进一步加速执行效率，这也是 ClickHouse 优于大量同类 OLAP 产品的重要因素之一。
６.完备的DBMS功能：ClickHouse拥有完备的管理功能，兼容ANSI SQL，并支持JDBC、ODBC等接口，同时具有权限控制、数据备份与恢复等功能。
７.近似查询：支持近似查询算法、数据抽样等近似查询方案，加速查询性能。
结合XDR平台具体业务特征，ClickHouse能够提供快速查询。主要存储与业务交换频率高的热数据，方便就近计算。"
XDR如何存储文件？,"数据湖采用深信服分布式存储EDS进行文件对象存储以及备份容灾能力。深信服 EDS 是一款软件定义的分布式存储，一个数据中心一套存储，向上广泛兼容应用，向下硬件解耦，容量灵活扩展；热、温、冷数据分级存储方案，并提供数据归档、销毁等生命周期管理策略，帮助XDR平台轻松应对海量数据管理挑战。天生多活架构，构建事前、事中、事后的故障闭环处理框架；同时深度融合深信服安全基因，内建体系化数据安全方案，轻松应对高级威胁。
在XDR平台中主要负责冷数据的存储如文件对象等，以及作为ClickHouse数据库的容灾备份，提升整个数据湖的可靠性。"
XDR具备哪些安全能力？,"深信服XDR平台的安全能力主要围绕“能力三叉戟”——威胁检测能力、关联分析能力、应急处置能力。通过对三个能力的深度覆盖，带来面对多种安全场景下的完整安全闭环的价值。
除此之外，还具备对风险的检测、融合、以及分析能力。"
XDR具备怎样的威胁检测能力？,"深信服XDR平台的威胁检测能力体现在终端侧能力、网络侧能力、平台能力三部分：
１.终端侧能力
传统终端侧威胁检测以规则作为主防检测手段，通过规则发现攻击，难以覆盖高级威胁，例如无文件攻击、模仿攻击（Mimicry）以及跨重启跨长时间窗口的APT攻击。深信服终端侧高级威胁检测能力通过在端侧采集全面的数据，包括终端、用户、文件、进程、行为等数据。数据在本地做分层，聚合有效数据上传至平台。结合用户真实环境做上下文强关联分析，提升攻击研判精准度。行为检测基于多事件复杂关联规则匹配算法，依靠IOA泛化行为规则提高已知和未知高级威胁攻击检测能力，补充复杂行为关联检测领域空白，构建行为检测防御层级，增强多层次纵深防御检测能力，帮助用户有效抵御已知和未知高级威胁攻击。
采用三级检测机制，呈漏斗状。
第一级是系统事件（Event）级别的事件检测，基于单个终端的明显攻击行为检测，输出分析；
第二级是多告警关联检测，是基于大量关联数据再深度检测，抑制误报；
第三级是跨终端多源检测，基于多终端、多源数据相互关联，重现攻击场景。
通过上述三级检测引擎，深信服XDR输出高质量的检测分析结果。
２.网络侧能力
网络侧基于流量采集和日志采集，通过WAF\IPS\PVS漏洞检测\威胁情报四种规则进行初步分析做数据标记和特征检测，之后再结合UEBA和AI中基础的威胁检测模型来进行匹配，快速定位出场景威胁如流行病毒、黑客工具、爆破、扫描、DGA等，针对一些更复杂的不规则的一些组合威胁攻击手段如攻击成功识别、自定义工具、0day漏洞利用、代理转发工具、隐秘隧道等，会基于整个会话流量进行检测，包括对流量的请求回显、特征异常关联、异常行为利用、多阶段攻击利用等行为进行完整回溯关联，最终定位出来异常风险。最后是基于优化算法模型，对一些典型的加密流量、0day漏洞利用特征进行优化检测，实现高检出低误报。
３.平台能力
平台能力包括网+端告警关联分析，将遥测数据聚合成故事线，驱动关注告警向注重事件的质变。将端、网、云等遥测数据进行故事线关联，构建完整的高质量的场景化数据链，以清晰呈现事件的全过程。以及SaaS能力赋能，将云端的威胁情报、专家能力下发到用户网络和终端，在当前安全“唯快不破”的态势下，云端能力即时更新，快速下发到本地，扭转了以往防落后于攻的不利局面，使得用户能够在安全对抗中抢占先机。云端专家7*24小时值守，也为企业安全运营大大降低了人力成本和门槛，给企业带来了省时、省力、省心的用户价值。
XDR平台还有一些功能性的检测能力，如安全事件回扫，帮助用户在发现威胁以后，回顾之前有没有被攻击过，从更大的时间线维度上研判攻击影响面，在应对APT攻击时显得尤为重要。以及自定义规则能力，支持用户根据自己的业务特点编写自定义检测规则，应对威胁更精准更灵活。"
XDR支持哪些关联分析能力？,"深信服XDR平台使用Flink CEP（Complex Event Processing复杂事件处理引擎）技术作为底层数据处理的核心，通过结合多种关联规则模板来实现复杂的CEP语义。将终端侧和网络侧收集的数据，与云端威胁情报、资产、时间等因子做时间线关联、因果推断，最终生成平台侧的关联事件。
对与组件强加强的告警信息，平台提供可视化和高可见性，结合精准详尽的处置响应建议，帮助安全运营人员提高效率，显著降低了MTTD（Mean Time To Detect，平均检测时间）/MTTR（Mean Time To Response，平均响应时间）。
对于组件弱加强的告警信息，平台通过多因子关联提升检测精度，有效降低告警误报量，针对原本单一网络侧或终端侧无法精准检测的攻击，如Webshell上传成功、RDP爆破成功等，网络和终端数据相互印证，互为补充，大幅提升了检测精度。
对于组件弱加弱的告警信息，平台对于二者进行整合，提升了威胁检测的覆盖广度，无论是低危的自动化脚本攻击，还是高危的高级持续威胁，在XDR平台下都将无处遁形。"
XDR具备怎样的响应处置能力？,"深信服XDR平台提供响应原子操作，如杀死进程、隔离文件、禁用用户、终端隔离、注册表恢复等等，相较于传统粗暴的关机、断网处置，处置手段更精准、处置影响更小，避免对业务造成大幅影响。
在响应对象和筛选上深信服XDR通过响应对象智能推荐，对响应对象进行Attacker、C2、Scanner、Downloader等角色的划分，智能的推荐不同角色不同处置方式。同时内置SOAR微剧本，对简单的事件实现一键处置，提升安全运营效率也降低了运营人员门槛。
XDR平台同样支持自定义响应，终端会提供自定义IOA能力，用户可以有选择的设置能力以及对应响应的选项，自定义剧本编排，实现类似SOAR的响应方法。"
XDR的安全业务层具备哪些功能？,"深信服XDR的安全业务层从安全事件闭环全流程为出发点，为用户提供精准、简介的可视化，以及便捷、高效的业务交互页面。
从深信服提出的创新理念攻击面管理出发，XDR平台打破了传统厂商的资产管理和漏洞管理框架，从攻击者视角看来，能够被攻击者利用以发起攻击，进而对业务造成安全风险的所有攻击点，都是攻击面管理的内容，包含资产、脆弱性等等，维度更广泛，使得XDR平台在攻防对抗中更有主动权。支持对资产进行脆弱性评估，以及热点漏洞推送和自检能力，帮助用户在在攻防对抗中抢占先机。
平台的威胁调查中心提供日志、告警、事件管理功能，平台集中化了所有孤立的端网安全事件和威胁告警，进行统一管理。支持针对各类事件，借助平台提供的工具和流程，实现不同事件不同处置过程规范性的跟踪管理。对日志、告警、安全事件实现多种筛选条件的检索。
安全闭环功能使得用户对威胁进行处置和响应。深信服XDR平台对于告警和安全事件提供ATT&CK矩阵中对应精准技战术的响应处置建议。同时支持在线实时聊天框或离线留言咨询攻防专家，获取云端专家支持。平台通过API接口，联动AF，EDR或CWPP，下发处理动作完成对告警事件的处置，提升业务系统的安全系数，及响应处置的速度与准确性。
配置设备管理可以管理与XDR对接的安全组件及对接数据，包括第三方组件，设备管理页面需要二次认证，保障平台及联动组件安全。
安全可视中心提供丰富的图表可视化，包括安全事件总览、监控大屏、自定义可视化中心，可清楚明晰安全态势和事件处置方向。"
XDR平台具有怎样的开放性？,"深信服XDR通过两种方式提供对外开放性：Open API和AppStore。
OpenAPI通过在底层实现RESTful API接口，与第三方组件形成数据上报、联动处置下发、事件告警外发三种模式的数据交换，达到第三方能基于API来做开发的目的。数据上报主要用于第三方组件上报自身日志、告警、事件，XDR再分析展示的场景。联动处置下发主要用于XDR对事件进行处置闭环时，对端侧和网侧组件进行处置策略的下发，进行诸如文件隔离、IP封禁等操作。事件告警外发主要用于XDR对接其他运营平台或数据中心，将告警或事件外发至第三方平台。整个数据交换过程使用标准的OAuth认证，保证数据传输过程中的安全。
AppStore管理应用的生命周期，具有可拔插、可扩展、模块解耦的特性。管理包括应用开发、上架、下架、订阅、安装、配置、卸载的全过程，在前端添加第三方应用的跳转，用户选取对应的应用进行订阅，点击跳转后直接转到第三方应用的页面，同时事件也同步至第三方应用，方便进行后续操作。第三方应用如雾帜、默安蜜罐等等，可以给XDR带来联动响应处置和自动化、漏洞扫描和发现、资产管理、流程管理、威胁狩猎、主动诱捕等等拓展功能。"
XDR平台的安全性是怎样的？,"深信服XDR作为一个安全检测和响应平台，并且支持本地化和SaaS化两种部署方式，打铁还需自身硬，自身的安全性是非常重要的。对于SaaS XDR，如何保障数据传输过程中的安全，保障数据安全，防止泄密和攻击者窃取是重中之重；对于本地化XDR，提升平台自身安全性，消除高危漏洞，是平台在攻防对抗场景中立足之根本。除此之外，联动组件认证、数据链路安全等等都是平台安全不可或缺的一部分。
数据安全方面，深信服XDR实现数据隔离、访问隔离、传输隔离三道防护。	
- 数据隔离：不同的租户的结果数据存储通过数据库命名空间隔离，XDR原始日志写入ClickHouse，不同租户通过不同表（分区）隔离；
- 访问隔离：不同租户通过不同的Web应用与服务访问租户自身的数据，安全能力消费数据湖不同租户的数据时采用不同路径（租户隔离）；
- 传输隔离：在传输过程中，不同租户的日志带有租户ID，进入消息队列中使用不同的租户TOPIC（不同路径）。
认证接口与数据传输接口相互独立，组件进行数据上报之前首先需要通过认证接口获取令牌Token，包含身份验证信息、设备Key等，平台的数据传输接口在接受数据之前，会首先进行令牌的校验，防止伪造和重复利用。
SaaS XDR复用托管云机房，本身就已经通过三级等保测评，在此基础上配备独立安全运维团队保障平台安全性，同时深信服安全蓝军、安服团队会持续对SaaS平台进行攻击演练，也会持续寻找外部机构做模拟攻击。在架构设计上建立加密兜底机制，即使真的被攻破黑客也无法解密。稳定性方面，基于托管云为底座，稳定性SLA达到99.9%，业务层有独立运维团队，进行平台各项指标、日志、资源监控，每月进行故障恢复演练。
深信服与XDR用户约定《XDR服务平台保密承诺》，承诺未经服务接收方书面同意，深信服不得以任何形式或任何方式将保密信息和/或其中的任何部分，披露或透露给任何第三方。深信服有义务妥善保管保密信息，不得擅自复制备份，并应避免泄露或遗失。深信服亦不得依据保密信息，就任何问题，向任何与服务接收方所需服务无关的第三方做出任何建议。“保密信息”包括但不限于：深信服基于为服务接收方提供XDR平台（Sangfor XDR）相关服务过程中所获取的服务接收方域名、业务系统等虚拟资产中所附带的、或服务接收方安全设备上报的网络安全信息、以及用户数据和业务相关信息等。"
XDR的安全可视化达到了什么程度？,"深信服XDR可视化以丰富的图形表格结合和多维度的统计，展示网络安全动态，并实现统计数据的反查、钻取和对比等。
１.安全风险总览
平台首页展示风险总览，包括安全事件总览、资产统计、接入设备展示包括不仅限于防火墙、探针、EDR、CWPP，待处置安全事件TOP5、云端威胁狩猎报告总览、攻击面TOP5、脆弱性资产TOP5、风险资产分布及风险资产发生趋势、待处置安全事件分布及安全事件发生趋势，可清楚明晰下一步处置方向。
2．监控大屏
监控大屏支持不同安全视角展示4个独立的大屏展示功能 ，包括安全告警态势大屏、资产态势大屏、综合安全态势大屏、攻击态势大屏等。面对不同用户和对象的需求可以展示不同大屏，一张屏幕看清当前安全运营全局态势。
3．可视化中心
可视化中心支持自定义，自定义分为可视化组件、仪表盘、报告三部分。
（１）可视化组件：包括资产范围、图表类型、聚合维度、度量模式、字段定义等。
（２）仪表盘：可圈定资产范围，内置安全告警试图、资产视图、脆弱性风险视图、风险资产视图等模板，展示图表样例包括条形图、水平条形图、趋势图、饼图、表格、指标、markdown等，可编辑背景及标题样式，可全局预览。
（３）报告：自定义报告生成，包括时间、报告组件、可视化模块、图标设置及文字编辑，可上传自定义页眉和自动化目录生成，支持预览和导出。"
XDR具备怎样的检测响应能力？,深信服XDR平台集中化了所有孤立的端网安全事件和威胁告警，进行统一管理。支持针对各类事件，借助平台提供的工具和流程，实现不同事件不同处置过程规范性的跟踪管理。
XDR的安全事件处理机制？,"安全事件的展示包括事件的名称、处置状态、事件等级、威胁标签、数据源等进行筛选展示，事件名称包含事件ID，事件类型标签，Threat Hunting标签等。安全事件详情总览，包括安全事件名称，安全事件等级、数据源、处置状态、事件编号、告警举证数、资产IP、事件描述等，同时提供ATT&CK命中缩略图、攻击故事线、告警详情、响应处置、攻击入口还原、业务攻击面分析的展示，可在详情总览实现一键封禁地址、隔离主机、咨询安全专家等更多操作。
    在事件页看到ATT&CK攻击矩阵攻击命中全景图，可清晰了解安全事件中被黑客技战术利用的情况，可查阅命中技术ID、命中次数、技术描述和参考来源，利用安全业界“通用语言”ATT&CK矩阵。
    通过安全事件详情查看攻击故事线、安全事件按照进程树的视角进行安全分析。可详细点开进程链中任意进程查看进程详情，包括基础信息、威胁告警、网络连接行为、文件行为、域名访问行为、模块加载行为。安全事件告警可查询事件聚合相关的举证信息，告警详情可展示告警描述、告警数据源、告警ID、攻击子类型、攻击阶段、检测引擎、关联事件数、最近发生时间和全部字段等。同时提供处置建议及ATT&CK缓解措施，支持一键封禁IP、标为误报、和其他更多操作。"
XDR安全事件展示形式？,"安全事件页面以列表形式展示：
(1)安全事件，客户关注的少量精准高威胁的高质量告警，可以是单条生成，或多条多类源告警聚合生成。安全事件处理导航栏支持以24小时、7天等频率展示该统计时间安全事件结列表；支持以15秒、1分钟、5分钟等刷新频率自动刷新展示安全事件，在重保等关键时期，可以设置自动刷新频率，不需要人为手动点击，省去重复性点击动作，帮助您更好聚焦安全事件研判。
(2)在安全事件导航栏支持以事件等级（严重、高危、中危、中危等）、事件定性（业务不规范、风险暴露、自动化攻击、病毒事件、内部渗透测试、上级监管事件、攻防演练事件、定性攻击事件等）、标签（事件标签如邮件攻击、账号爆破、流量异常等）、数据源（NDR、EDR、EDR&NDR、第三方等）以及处置状态进行初步筛选。
(3)如果需要更精准进行过滤，XDR提供简易模式搜索，按照可视化编程，筛选关键字填入对应参数进行快速过滤，让您更容易上手使用。
(4)针对安全事件的操作主要有以下几种，分别为：一键遏制、标记状态、发起工单、执行SOAR以及威胁根除。其中一键遏制代表联动组件对安全事件中威胁实体进行快速遏制；标记状态代表对安全事件进行状态标记，比如标为待处置、标为处置中、挂起、忽略等；发起工单代表创建的工单模板下发和流转处置任务，实现任务流程的可视化、提高团队协作效率；执行SOAR代表联动第三方设备处置，根据事先定义好的剧本编排进行自动化或半自动化事件处置流程，提升安全事件的标准化；威胁根除代表根据平台提取的全量事件威胁实体，彻底清除进程、注册表、WMI等持久化项，通常要求处置人员具备较强的安全分析能力。 "
如何威胁模拟的作用？,"主要用于快速生成XDR平台内置样例事件，产生安全告警以及安全事件，体验XDR平台安全分析能力以及研判模拟。威胁模拟一共有两种模式，分为样例事件体验以及下载测试脚本。
场景一：通过样例事件体验，平台直接生成样例安全告警、安全事件。
使用说明：点击安全事件处理->威胁模拟，在弹出窗口中点击立即体验。XDR平台在几秒之内生成样例数据，事件名称以样例事件开头，比如样例事件-Shiro反序列化攻击，可以通过条件快速进行过滤展示。
体验完成之后，可以勾选所有样例事件在标记状态中选择忽略，下次体验时重新通过上述方式生成样例事件。
场景二：通过下载测试脚本体验，本脚本主要用于在主机上模拟已失陷的场景，在主机上触发失陷主机恶意行为，上报至XDR之后进行关联分析，产生安全事件。
点击安全事件处理->威胁模拟按钮，在弹出窗口中点击去下载，在深信服社区中下载对应的测试脚本 XDR_POC_Script_V1.5.zip。将下载的样本在已安装了EDR或者CWPP的agent终端（推荐Windows10）上进行执行。为了真实模拟已失陷的场景下攻击绕过场景，需要在执行脚本前进行一些EDR(CWPP不需要)初始化操作。
EDR侧配置：EDR服务端(MGR)策略中心病毒查杀设置仅上报不处置，实时防护设置仅上报不处置。
最后需要到安装agent的终端（推荐Windows10）上取消告警弹窗。
完成初始化操作之后，在安装agent的终端（推荐Windows10）上双击运行样本，详细执行过程可参考弹出窗口中的视频。"
安全事件定性分析？,"用户能够经常看到XDR平台确实云端专家（XTH）在对于进行分析和看护，与原有XTH安全事件相比，对安全事件新增6W1H的事件定性分析，对安全事件的原因、目的、地点、时间、攻击者、方式进行详细描述。有了专家威胁定性，用户一眼就能看明白什么意思。安全事件按照进程树的视角进行安全分析安全事件详情页可以明显感知到。
DOP平台安全专家对安全事件进行审核后，给出专业事件分析详情。"
什么是虚拟端，其作用是什么？,"虚拟端，又称为虚拟E+N故事线。XDR提供一种模拟E+N故事线的能力，针对没有装端的纯网络侧数据，通过开启虚拟E+N按钮，能够模拟出进程链信息,这些模拟的进程链则是根据XDR知识库获取而来。安全事件价值持续提升，售前测试和日常使用能够更加有效地展示E+N的能力，清晰的看到如果装端时，可以呈现出的效果。"
云端安全专家有什么作用？,进入指定安全事件详情，右上角有“咨询安全专家”功能，主要是提供人工安全运营专家的咨询服务，给用户带来更多case by case的安全事件解读、分析、研判以及响应处置等运营指导。
安全告警分析？,"支持对告警的名称、攻击子类型、危害等级、主机IP、源IP、目的IP、攻击结果、处置状态、资产组等进行告警筛选，可对重点关注资产、重点关注告警类型、重点关注攻击者进行设置筛选和标示。
告警页面同样支持ATT&CK矩阵图映射，以及进程层面的可视化攻击链生成，对应有不同技战术的推荐响应处置操作。
威胁定性指对攻击目标、攻击者思维方式和攻击步骤进行分类和描述，以制定相应的安全策略和防御措施。
其中，XDR的威胁定性功能包含：事件威胁定性、告警威胁定性。
安全事件的威胁定型将事件分为六类：定向攻击、内部渗透测试、自动化攻击、病毒木马、 风险暴露、未定性威胁，可以通过不同的定性类型，对安全事件进行过滤。
定向攻击、内部渗透测试是优先级最高的场景，由于攻击链路较长，单靠产品无法实现完整处置及加固，需要安全人员结合自身对业务的了解，人工对攻击进行彻底处置及全方位的加固。
自动化攻击、病毒木马为第二优先级场景，这两类场景基本是低威胁的，产品可以直接进行自动处置，大部分情况无需人工介入处置。
风险暴露、未定性威胁为最低优先级的场景，这l两类场景往往安全测试或内部业务暴露出来了风险，安全人员仅需知会风险即可，无需立即处置。"
安全告警分类？,"安全告警的威胁定型将安全分为9类告警，分别为：
定向攻击：定向的渗透行为、隐蔽的攻击行为，常见于部分活跃的勒索团伙、数据窃取、APT组织活动。
攻防演练：由重保活动、红队服务产生的告警。
内部测试：由内部渗透测试、工具扫描、POC测试引起的告警。
监管通报：访问被监管单位、上级单位通报过的特殊IP、域名、网站等所产生的告警。
病毒：常见的病毒、木马、蠕虫行为，例如：挖矿、僵尸网络、流氓软件、感染型病毒，。
扫描器攻击：由工具类扫描器引发的告警，通常为攻击者的预先信息收集、漏洞验证行为，为后续攻击做准备。
脆弱性风险：由业务风险引发的告警，包含弱密码、未授权访问、未修复的漏洞等风险。
业务不规范：由于业务存在一定特殊性导致命中安全检测规则，所产生的业务误报。
其他威胁：包含无法直接定性的威胁、历史遗留告警、未配置告警定性字段的自定义规则所产生的告警（可通过配置优化）。
通过威胁定性能力，可以实现对各种攻击进行威胁分类，以让客户按需选择关注的威胁，降低运营成本。针对一些隐蔽的高级威胁入侵，安全人员需要通过狩猎才能发现线索，这时候，场景定性帮助安全人员过滤了大量的低威胁告警，后者就可以从剩余告警中挖掘到高价值告警了。以往的攻击，安全人员不敢一键处置，是因为怕处置不干净和处置不当，有了场景定性，安全人员可以根据各种攻击场景，制定相对应的响应策略，大大提高了处置效率。"
XDR与第三方设备的融合能力？,多源融合告警能力是讲XDR支持接入第三方设备，在告警详情中需要对深信服设备告警和第三方告警的融合处理能力。这样用户可以看到全网的安全设备的告警并能进行统一化的安全处置响应和研判，保障重点的高价值安全告警不会被漏过。
XDR的安全日志检索？,"支持对收集的日志进行检索，包括安全检测日志、安全审计日志以及第三方日志。
安全检测日志：未经规避的原始安全类的告警信息，通过原始安全检测设备上报上来的没有聚合和归并、降噪去误报的安全告警。包括网络安全日志、端点安全日志、IOA日志、端点行为日志等安全检测日志。
安全审计日志：产品原始采集的安全诗句，通过STA、Agent通过遥测、采集的原始数据协议信息。包括HTTP协议审计日志、DNS协议审计日志、HTTP协议登录审计日志等23类。
第三方日志：为通过第三方安全设备、操作系统、应用程序等第三方设备获取到的日志，作为XDR的举证、溯源数据参考，查看时可以根据访问方向进一步过滤日志。包括VPN用户日志、堡垒机用户日志、防火墙ACL日志、第三方管理员操作日志、第三方其他日志。"
XDR安全攻防对抗机制？,"日常的安全运营中，安全运营工程师总是受困于各种各样的病毒事件，分析研判的精力也被逐步消耗殆尽，这种类型的病毒、挖矿事件层出不穷，但处置优先级通常不高，无形之中也消耗了安全运营工程师的精力，让安全运营工程师疲于应对真正的高级威胁事件。
基于安全运营该现状，深信服XDR提供智能对抗用于解决大量病毒、挖矿等安全事件的处置闭环，针对一些置信度高的事件，进行自动封禁处置，将安全运营工程精力释放出来，用于面对高级威胁事件研判分析处置。
智能对抗提供基于实体的智能对抗，目前支持的实体有IP、域名、文件MD5。针对外网IP以及域名智能对抗结合组件引擎、威胁情报、规则库以及安全专家历史分析结论，加上XDR强大的云端算力进行评分，判断满足智能对抗条件自动联动AF对外网IP下发源地址以及目的地址的永久封禁规则；针对MD5智能对抗结合安全专家分析结论、EDR信誉库以及威胁情报进行评分，判断满足智能对抗条件自动联动EDR对病毒进行查杀，实体文件进行隔离。"
XDR安全攻防对抗常见场景？,"场景一：A客户发现最近办公网环境中大量电脑由于员工操作不规范，频繁出现终端感染病毒，在XDR上生成大量病毒事件，希望可以对这一类型办公终端感染病毒事件进行自动处置。
场景二：A客户在深信服XDR上开启智能对抗后自动处置终端感染的病毒，在日常运营过程中发现最近新上的内网业务使用了威胁情报中恶意域名，导致被XDR判断为符合智能对抗条件进行了自动封锁，希望对该业务域名进行放通，不进行自动处置。"
XDR安全攻防机制约束？,"智能对抗使用约束与限制细则如下：
(1)IP、域名、文件MD5实体处置方式。IP（外网、内网）：只支持AF封禁；域名：支持网侧AF封禁 + 端侧EDR拦截；文件：只支持EDR处置。
(2)白名单与黑名单。如果该IP、域名或文件存在于白名单中，不会下发自动处置；如果该该IP、域名或文件存在于黑名单中，即使能力部没有打标签，依然会下发自动处置；白名单优先级高于黑名单。
(3)智能对抗为会需要处置的实体打上自动处置标签。外对内：外网IP情报为黑,标记源IP为自动处置；告警为高危且高可信,标记源IP为自动处置。内对外：告警中，外网IP情报为黑，标记目的IP为自动处置；dns请求域名的情报为黑，标记域名为自动处置。文件MD5：告警中，告警类型为病毒，病毒文件情报为黑，标记文件为自动处置；事件中，进程或文件对应的文件情报为黑，标记为自动处置"
XDR如何隔离主机？,"隔离恶意主机防止病毒、木马等恶意代码的传播，保护网络数据安全。隔离主机导航栏允许您统一查看已被XDR联动EDR以及CWPP隔离的主机信息，包括隔离主机IP、关联告警、关联事件、隔离状态以及联动设备等，主机被成功隔离后才进行解除隔离操作。
例如XDR检出感染lemonduck挖矿安全事件，为防止病毒、木马等恶意代码的传播，优先对该事件的受影响资产192.168.81.96进行主机隔离。
在安全事件详情页面点击相应处置按钮，找到主机，勾选受影响主机，点击隔离主机按钮。
隔离成功后可以在隔离主机导航栏中看到已隔离主机列表，如下图所示
受影响主机安全事件处置完成后，需要恢复该主机的业务访问。点击检测响应->响应管理，在隔离主机中选中具体的隔离主机记录，点击“解除隔离”。
解除隔离成功后，可以看到对应的隔离主机记录从隔离主机列表中消失，并且对应主机网络通信正常。
例如XDR检出Rootkit，为减轻对业务安全潜在的威胁，优先对该事件的受影响资产192.168.81.45进行主机隔离。在安全告警分析导航栏勾选告警，点击隔离主机按钮。
隔离成功后可以在隔离主机导航栏中看到已隔离主机列表，如下图所示
受影响主机安全告警处置完成后，需要恢复该主机的业务访问。点击检测响应->>响应管理，在隔离主机中选中具体的隔离主机记录，点击“解除隔离”。
解除隔离成功后，可以看到对应的隔离主机记录从隔离主机列表中消失，并且对应主机网络通信正常。"
XDR如何禁封IP？,"封禁地址是指网络中将某个不安全的地址（如恶意网站、恶意IP地址等）加入黑名单，禁止访问。XDR联动AF下发网络侧封堵策略，封堵对象IP地址、URL、域名；支持提高安全运营响应效率。
需要注意的封禁地址中源IP为黑客IP，目的IP为受害者IP。
例如需要对经过AF设备的流量中禁止内网主机对域名www.360se[.]net的访问。
步骤一：点击响应管理->封禁地址导航栏，点击“新增”按钮，规则名称为禁止内网主机对域名www.360se.net的访问，封禁类型为域名，封禁时长为永久封禁，联动设备为已跟XDR对接的全部AF设备。
在XDR平台上封禁地址成功后，手动添加的封禁地址，关联告警跟关联时间均为手动，登录对应的AF设备控制台，在安全运营->黑白名单->黑名单->永久封锁名单看到XDR联动AF下发的封禁地址。
如果封禁时长非永久封禁，在安全运营->黑白名单->黑名单->临时封锁名单看到XDR联动AF下发的封禁地址。
XDR检测出安全事件，您需要对该事件中的攻击者以及实现主机恶意外联的域名进行快速封禁，实现对事件中威胁实体（外网IP/域名）的一键遏制。
点击安全事件处理导航栏，勾选需要处置的安全事件，点击一键遏制，在弹出窗口中默认网侧设备全选AF设备进行封堵，点击确定实现威胁的一键遏制。
一键遏制成功之后，安全事件状态变更为【已遏制】，通过响应管理->封禁地址查看封堵详情。如下图所示，一键遏制新增封禁地址会关联对应告警以及事件。
一键遏制的外网IP以及域名会被AF设备永久封禁，登录对应的AF设备控制台，在安全运营->黑白名单->黑名单->永久封锁名单看到XDR联动AF下发的封禁外网IP以及域名。"
XDR如何拦截域名？,"拦截域名是指阻止主机对特定域名的访问。拦截域名允许您统一查看已被组件（EDR/CWPP/AF）拦截的域名记录，目前该功能仅支持任意版本分布式XDR联动EDR3.0.35及以上版本、CWPP3.3.39B6及以上版本、AF老架构8.0.48版本、新架构8.0.79及以上版本生效。
通过响应管理->拦截域名导航栏统一查看XDR平台联动组件（EDR/CWPP/AF）拦截的域名信息，包括匹配方式、域名、生效资产、处置状态以及关联告警以及联动设备等信息，域名匹配方式分为全字符匹配以及作为域名结尾匹配两种，联动设备默认为该威胁上报设备。
 对于业务主机由于用户行为感染挖矿病毒，经常访问恶意域名，对于安全运营产生一定程度的干扰甚至被监管单位通报的场景一定都比较熟悉，对于这种场景下由于用户安全意识不足经常下载恶意文件导致挖矿无法根治，但会在一些检测平台上面频繁出现相关事件、造成告警干扰，希望可以从源头上封堵终端对该域名的访问。
比如资产10.10.10.11经常访问lplp.ab*bny.com、lplp.ha*qo.net等恶意域名，希望从对应的终端上就阻止发起恶意连接。点击具体安全事件详情->响应处置，勾选需要拦截的域名，点击处置域名。
选择联动终端（该终端需要安装EDR或者CWPP的agent）开始拦截域名，域名选择作为域名结尾匹配，生效资产以及联动设备默认都为对应的威胁信息上报设备，无需更改。
点击确定后，分布式XDR联动CWPP设备下发拦截规则到对应终端上，可以前往响应->拦截域名导航栏查看。
域名的拦截状态一般有拦截成功、拦截失败、拦截中、取消拦截中、取消拦截失败，其中需要注意的是拦截中跟取消拦截中状态代表XDR正在对联动的设备下发联动指令。
拦截域名下发成功之后就可以看到处置状态为拦截成功，对应的终端无法访问对应的域名，解决了上述场景中的告警干扰问题。"
XDR如何处置文件？,"处置文件是指将系统中将某个不安全的文件（如木马、病毒、后门软件等）进行隔离，禁止运行。
处置文件允许您查看已被EDR以及CWPP处置的文件列表，包括文件名称、MD5、病毒名称、病毒类型等，并且支持对已成功处置的文件进行解除隔离。
例如在安全告警分析中主机感染Rootkit病毒，需要对下载的文件进行处置。
步骤一：勾选具体告警，点击处置文件按钮，对威胁文件进行隔离。
等待处置完成后，对应告警状态会变成处置中（已处置文件），在响应管理->处置文件导航栏下，找到已被处置的文件列表。当文件的处置状态为处置成功时代表该文件已经完成处置。
处置文件导航栏中文件处置状态为处置成功才允许解除隔离。
若发现已处置的文件实际为业务软件，可点击解除隔离按钮，取消隔离该文件，让业务软件正常运行。
选中具体的文件，点击“解除隔离”按钮，看到对应的文件记录从处置文件列表中消失代表解除隔离成功。"
XDR如何信任文件？,"信任文件是处理因为业务不规范引发的业务安全误报的一种响应措施。如果您确认XDR检测显示为威胁文件实际上是正常业务软件，可通过信任文件功能对该文件进行添加信任，保障业务连续性同时减少告警干扰。
信任文件允许您查看已被EDR以及CWPP信任的文件列表，包括文件名称、MD5、所属资产、关联事件、关联告警等，并且支持对已信任的文件移除信任。
例如经过XDR检测到主机感染木马病毒，实际上因为业务软件不规范引起的业务安全误报
可以在响应管理->信任文件导航栏下看到对应信任文件记录。
如果确认已信任文件为恶意软件，通过移除信任，将文件移出信任文件列表"
XDR如何阻断进程？,"进程阻断是指终止或阻止计算机系统上的某个进程的执行，用于防止恶意软件，如病毒、木马、间谍软件等，对系统造成危害，以确保系统安全。
阻断进程导航栏允许您统一查看已被EDR以及CWPP阻断的进程历史记录。目前该功能仅支持任意版本分布式XDR联动EDR3.0.34及以上版本以及CWPP3.3.39B5及以上版本有效。
通过响应管理->阻断进程统一查看XDR平台联动EDR/CWPP阻断进程信息，包括阻断进程匹配条件、阻断进程匹配参数、阻断记录关联事件以及进程阻断状态等，其中阻断记录匹配条件允许选择PID+MD5(推荐）、进程名 、MD5 、进程路径，选定阻断进程匹配条件之后，匹配参数会自动补充，默认联动设备为该威胁上报设备，无需更改。
例如XDR检测到主机主机存在访问lemonduck挖矿的通信域名的异常行为，通过分布式XDR自动威胁实体提取，可以快速在安全事件详情响应处置导航栏中找到被提取出来的威胁实体。
通过初步研判主机通过powershell进程发起恶意外联，需要对该进程进行阻断，进而阻止恶意文件落地主机本地磁盘上，勾选powershell进程，点击阻断进程，通过PID+MD5方式联动设备进行进程阻断。
进程阻断结果将实时更新，可通过响应管理->阻断进程查看阻断记录。"
XDR的白名单管理？,"白名单管理是一种管理告警的方法，旨在识别和排除不重要的告警。白名单通常是一个维护的列表，其中包含被认为不需要任何操作的告警。在接收到告警时，如果告警被识别为在白名单中，则该告警将被忽略，不会导致任何响应。如果告警白名单得到了正确维护，则可以确保对重要告警进行响应，避免因不重要告警而忽略重要告警的情况。但是告警白名单管理也有一些挑战，例如维护白名单的正确性和合适性、确保白名单不被滥用等。因此，告警白名单管理需要经过认真规划和管理，以确保其安全性和有效性。
白名单管理支持多个加白指标结合使用，多个加白指标之间为与关系，白名单规则主要包括规则名称、指标内容、加白时长、创建人、创建时间以及启用状态等自定义规则关键信息；其中加白指标包括五元组、URL、文件名称、文件路径、文件MD5、X-Forwarded-For、CVE-ID、告警等级、确定性等级、检测引擎、风险标签、攻击、ATT&CK技术、收件人、发件人、设备来源、进程名称、用户、攻击结果、ATT&CK技术以及规则ID等。
新增成功白名单规则后，匹配上的安全告警处置状态将自动在XDR平台上显示成处置完成，需要谨慎操作！
如发现某条白名单过期或者不符合业务需求，应立即将对应的告警白名单移除或者禁用。勾选对应的规则名称，点击删除或者禁用，对应告警白名单则失效。"
XDR的自动化机制？,"深信服XDR平台提供了可视化的流程编排工具，可通过剧本的方式编排响应处置流程，一旦发现安全问题就立即启动预定义的剧本，快速将安全事件进行闭环，实现了根据不同类型的风险自动化执行不同的处置流程。
为了满足复杂的安全运维需求，系统内置了丰富的剧本节点，通过可视化形式拖拽节点，可以触发执行多样化的操作，实现快速、高效闭环。
依托SOAR模块，可统一构建自动化分析、响应、处置剧本，供相关责任人在流程推动时借助分权账号随时调用，全面提升研判、处置等工作时效性。沉淀过往决策指挥流程，通过自动化剧本替代信息收集、基础分析等繁复工作，为指挥决策提供客观依据及判定结果。
主要通过如下步骤进行剧本的处理判断：
（１）新建SOAR剧本，设置动作节点，选择资源。
（２）设置剧本，可选自动执行和手动执行，填写执行条件。
（３）选择安全事件，执行SOAR剧本。最后根据剧本返回的结果进行处置和判断。
剧本的启动执行支持2种方式，具体如下：
手动执行：与剧本相关联的事件发生后，在事件详情页面，工作流会显示剧本名称，并提示用户手动执行触发剧本。
自动执行：默认情况下，事件一旦发生，则立即触发执行剧本进行闭环处置。同时，也支持可选择性配置触发条件，当满足触发条件时，剧本才会自动执行。
以病毒事件为例，如何通过SOAR编排剧本的方式是事件产生--->事件初判--->前期处置--->溯源分析--->综合加固--->总结归档6个阶段实现事件响应处置闭环，将原来需要数小时完成的处置时长，缩短到10分钟以内，大大增加事件响应效率："
XDR的安全工单流程是怎样的？,"通过工单流程可实现不同角色间的协同和流程化运维。 依靠安全运维主管进行任务发起及归档，推动具体责任部门或下属单位的运维人员完成相关事件处置工作。对安全问题进行流程化实现，可便于风险处置的协作和管理，避免无责任人管理导致的风险淹没。安全问题来源于对接的安全检测类设备的安全事件，通过对相关安全问题进行待流转设置，可针对性的进行通报、预警、上报，快速通知相关责任人进行安全事件的处置动作与归档。对安全情报信息进行流程化实现，可快速拉齐信息同步，避免信息不同步导致的安全危害发生，通过对相关信息发起通告流程，提前告知相关责任人威胁信息，快速做好预警防护工作。通过工单流程与SOAR剧本之前相互调用，可以实现高度自动化的事件处理与流程管理的耦合。实际使用过程中主要分为以下几个流程：
1.明确组织与职责
2.基于实际组织架构情况明确安全业务的运营流程的组织结构以及对应的工作职责。
工单总览
工单总览可以按照流程类型和时间范围，统计工单总数，流转中的待处理工单，已结束和已撤销等不同状态的工单，支持按照部门和工单责任人维度来统计工单完成率和超时工单。
流程模板编排
基于实际处置流程，通过拖拉拽的方式，进行自定义流程的编排。为满足流程的全面性，流程动作可包含录入节点、审批节点和并行节点，录入节点可满足流程中人工上传举证信息动作、审批节点可满足人工的选择与判断动作、并行节点可以满足并发执行多个相互独立的流程；
将定义好的流程进行保存，为安全业务的执行提供流程；安全业务的运营流程应可从日常运维、通报预警、应急响应等多维度进行多种流程编排。具体示例如下：
流程设计应以满足可闭环的理念进行规划安排，流程应满足通报人发起、通报人归档的理念， 且通报人在流程流转过程中可看到流程进展。"
XDR一键处置功能？,"深信服XDR支持对安全事件和告警推送处置和响应建议、处置动作包括缓解措施及建议、通过建议描述、业务影响标签和安全效果标签清晰明确指导下一步响应动作，可一键封禁IP、隔离主机等。支持在线实时聊天框或离线留言咨询攻防专家，获取云端专家支持。
深信服XDR平台通过API接口，联动AF，EDR或CWPP，下发处理动作完成对告警事件的处置，提升业务系统的安全系数，及响应处置的速度与准确性。配置规则支持按源IP、风险等级、源端口、目的IP、目的端口、URL、MD5、发件人邮箱、风险来源，in、not in、like事件范围和规则ID进行加白，支持配置加白时长。
- EDR/CWPP 联动：将告警与 EDR/CWPP 设备进行联动，对可能的端点恶意进程进行封禁、关闭、隔离等操作。支持对隔离主机和处置文件列表展示，可对相关判别后的隔离主机和处置文件解除隔离。
- AF联动：将告警与防火墙设备进行联动，完成对恶意 IP 的封禁、解封操作，甚至调整安全设备其它策略。配置规则支持按IP/域名/URL联动设备进行封堵，封禁时长可按天/时/分细粒度进行设置。
- 第三方产品联动：目前已支持多款主流防火墙的联动，如网神、山石以及Fortigate等，其他主流防火墙支持收费定制的方式满足，还可以叠加深信服SIR作为应急响应处置中心方案。"
XDR对终端资产管理的支持程度？,"资产管理是安全运营工作的核心，安全问题都是以资产为基础开展响应闭环。通过资产管理模块，可以解决资产分散、指纹模糊、定位困难等一系列管理问题，为后续的资产风险识别、威胁事件响应、流程工单协作建立基础。
资产管理可以解决资产分散、不集中等一系列管理问题。具有识别IT资产、自定义资产属性管理、多源资产数据聚合和建立责任人员组织架构的功能，实现资产的统一管理。其中，可识别的资产类型，包含服务器、终端、网络设备、物联网设备、移动设备和网络安全产品等。
深信服XDR平台通过网络侧（NDR/SIP/云镜），端点侧（EDR/CWPP）和第三方API获取以及手动数据接入来识别资产。通过主动扫描识别、被动流量识别和用户手动三种方式导入资产列表，结合用户页面操作资产信息，对资产进行关联、合并、去重和除错等处理，补充更新资产数据信息。
主机资产可以实现识别操作系统、开放的服务与端口、在线离线状态、资产类型。支持业务/服务器资产分类，可定义IP地址、所属资产组、主机名、责任人、责任人邮箱、所属业务、MAC、地理位置、操作系统、服务与端口、最近上线等信息。
资产详情可以展示资产基础信息包括关联IP、设备信息、地理位置、资产责任人、操作系统、虚拟机信息；开放端口信息、账号信息及登录历史、应用软件信息、硬件信息及数据来源等。
责任人管理支持展示责任人风险资产数及风险标签，可编辑人员部门归属。
资产管理支持自定义属性能力，可以通过自定义属性来扩展资产的管理能力，并支持导入导出带有自定义属性的资产台账表。
XDR可以通过未知资产分析功能，分析各组件发现的，并且不在资产台账中的资产。可以通过网段分析、关联资产组信息、活跃信息、资产信息丰富度等维度分析可能未进行管理的资产，并纳入管理中。"
XDR如何实现资产定位到人？,"在安全问题发生时，除了知道发生问题的资产外，还需要找到资产相应的责任人进行处理整改。较传统的模式是管理员在多个设备上自行关联查找，在实际攻防对矿中这种方式处置的效率较低。XDR通过汇总多类设备（包括准入设备、访问控制、终端管理、CMDB、外部台账等方式）的资产管理数据进行分析，自动关联安全问题及其资产责任人。并且针对DHCP、DNS等特殊场景进行纠正处理，使网侧安全告警能够定位到真实主机，研判分析时可以直接看到相关信息，无需二次查找，提高告警研判处置效率。
DHCP 场景示例：
    当内网主机（1.1.1.1）产生一条告警，由于存在DHCP场景，主机IP由1.1.1.1 变化为 1.1.1.2，原IP 1.1.1.1可能也会被其他内网主机占用。最终导致资产和人员信息定位错误，无法高效的进行研判分析及后续的处置。
DHCP 解决方案：
    端侧（EDR、CWPP）资产可以通过终端ID生成资产唯一标识，资产发生变化时，可以通过标识确定唯一资产。网侧资产无法确定其唯一性，当发生变化时，容易造成资产数量膨胀。通过建立网侧资产和端侧资产的映射关系（同一分支内，同一资产通过IP进行关联），资产唯一确定且跟责任人准确关联。同时深信服XDR支持展示安全问题检出时IP和实时IP，方便对后续问题的溯源和分析。
DNS 场景示例：
当内网主机1（2.1.1.1）请求恶意域名，通过DNS服务器代理向上进行域名解析，解析时探针会把源IP定位为
DNS服务器的IP（1.1.1.1），无法定位到内网真实主机（2.1.1.1），最终导致资产和人员信息定位错误。
DNS 解决方案：
1、在DNS服务器安装一个开源采集器，采集DNS解析日志然后上报至XDR平台
2、当内网主机通过DNS服务器向上代理请求产生相关告警时，会根据解析日志对告警源IP进行纠正，使其能够对应到真实主机，从而研判处置时能够找到正确的责任人。"
XDR的脆弱性管理是怎样的？,"随着资产数量的增多，系统和应用漏洞频繁爆发，对资产漏洞进行识别与管理是保障业务安全的重要一环。深信服XDR平台结合网络侧（云镜）以及端点侧识别（EDR/CWPP）漏洞检测，能够全面的了解用户设备的真实漏洞情况。
在将端和网侧检测的脆弱性信息深度融合后，XDR能够通过脆弱性危害性、攻击者可利用性、攻击者可触达性、资产重要性、攻击情报等维度对脆弱性进行优先级分析，找出最重要、最需要关注的脆弱性，优先处置急需修复的脆弱性，避免陷入检出的脆弱性的汪洋大海中。
XDR结合漏洞全生命周期机制，对漏洞全生命周期进行管理，包括：漏洞发现、漏洞验证、漏洞处置，实现漏洞全生命周期状态闭环跟踪，确保重要的漏洞及时处置。具体过程定义如下：
１.漏洞发现：能够主动地对系统、应用层、中间件、数据库等漏洞检测。
２.漏洞验证：针对关键漏洞，识别和展示具体的举证信息，包括端口信息、具体的组件版本、发包回包举证信息等。支持对检出漏洞的分析和确认验证，确定漏洞的有效性。
３.漏洞处置：对发现的漏洞提供处置建议，提供可落地的漏洞修复方案，包括：漏洞修复步骤、补丁下载链接等。
脆弱性管理页面展现终端遥测及网络遥测扫描到的资产脆弱性进行展示，可对资风险产类型、风险等级及资产名称、责任人、组名等标签进行筛选。"
XDR对资产的检测机制？,重要的核心资产需要加强关注，XDR可对核心资产进行自适应安全监测。针对核心资产，基于终端侧深度、全面的数据采集，从威胁角度，给客户提供核心资产的安全监测结果，检测内容包括现存威胁（事件/告警）、明确风险（漏洞/弱口令）、潜在风险（风险应用、暴露端口、风险访问）、异常信号（关键基线异动）。客户可以根据该监测结果快速开展资产的加固工作，如启动项、计划任务、服务项等是否有新增变动，是否新增了黑客工具、远程运维工具，是否新增对外暴露的端口，是否有采用存在漏洞的中间件，是否存在高可利用漏洞，是否存在弱密码账户，是否存在异常访问等。
XDR如何识别风险应用？,"XDR通过EDR等端侧组件可以识别主机上存在的风险应用，包括风险黑客工具和运维工具的检查，至少25种风险应用检测涵盖主流攻击入侵入口。
包括黑客工具：NetworkShare、PsExec、PCHunter、KPortScan、Frp、ProcessHacker、Mimikatz、Nasp、WebBrowserPassView、PowerTool、CobaltStrike、Masscan、Fscan、NLBrute、PortScan、DefenderControl、Gmer、Netpass、DUBrute、Lazykatz。
运维工具：ToDesk、向日葵、AnyDesk、Rdp_Connector、TeamViewer。
通过风险应用的识别，可以快速定位关键主机存在的攻击风险和隐患。"
XDR在热点威胁方面的支持情况？,XDR支持对热点威胁的展示和检测，以时间轴展示，可展现漏洞名称、风险等级、CVE编号、可检测情况，影响资产、威胁标签、爆发时间及风险评估。对热点威胁包含的漏洞，可以展示危害程度、漏洞爆发时间、CVE-ID、CNNVD-ID、威胁标签、漏洞介绍、影响组件、情报来源、漏洞活跃趋势及修复处置建议。
XDR关联分析能力？,关联分析分为数据接入和数据分析两个模块。主要功能是通过接入第三方安全设备（如防火墙、IPS、IDS、WAF、终端安全等）、网络设备（如路由器、交换机等）、操作系统（如windows、linux各系列）、中间件（web中间件如apache等，数据库中间件如Mysql、Sql server等中间件）等日志数据进行数据标准化和关联分析。其结果可作为安全能力层输入进行深层次的分析。
XDR数据接入？,"数据接入将网络环境中各种Event原始数据（包括：深信服、绿盟、安恒、华为等主流厂商的设备日志， Windows、Linux操作系统日志， Apache、Nginx、SSH、MySQL、Oracle等常用组件日志）进行采集。
１.数据来源
SIEM分析系统能够将安全设备、网络设备、操作系统、中间件等生成的日志数据收集，这些是关联分析所需数据的重要来源。
２.数据采集
a.日志采集：日志采集分为主动拉取和被动接收两种形式。
主动拉取：目前支持FTP、KAFKA、JDBC、HTTP、WMI等方式。
被动接收：目前支持syslog、winlogbeat、snmp trap等方式。
b.数据范式：SIEM分析系统从大量第三方设备获取日志数据，各厂商对于字段（如源IP、目的IP、端口等）的格式定义都存在差异，需要将这些数据进行预处理，转成统一的格式标准，这个预处理过程就是范式化。"
XDR数据分析？,"关联分析分为：预定义关联分析和自定义关联分析。预定义关联分析就是通过SIEM分析系统中预先定义好的关联分析规则对数据的关联点进行分析，自定义关联分析就是允许用户能够根据自身的网络环境和业务特性，按照SIEM系统提供的模板自定义创建关联分析规则。例如，可以创建一个规则如在一段时间内特定IP范围和端口被访问数量超过N即为异常访问。
关联分析规则主要分为：情境关联、规则关联和行为关联（UEBA），具体见以下说明：
１.脆弱性关联：比如FTP存在弱密码，且遭受FTP暴力破解；
２.规则关联：包括逻辑关联、统计关联和时序关联；
（１）逻辑关联：基于逻辑表达式的规则，比如攻击类型=SQL注入 and 目的端口 in(80,8080)；
（２）统计关联：基于聚合统计的规则，比如一分钟内某个IP登录某个目的IP的失败次数大于10次；
（３）时序关联：基于事件发生顺序的规则，比如某个IP被扫描后，遭受暴破攻击；
３.行为关联：主要根据典型的安全场景结合UEBA进行关联分析，包括：账号登录异常、数据库异常、外联异常、外发数据异常、访问异常、账号暴破等。"
XDR自定义告警？,"自定义告警规则包含：自定义IOA规则、自定义IOC规则。
(1)自定义IOA规则。IOA (Indicator of Attack) 是以一种积极预判的方式进行工作，它一般是根据防守方的知识和经验预判攻击者可能会采取的动作，并将这种预判转换为安全防护能力，要关注各种动态的行为，例如：创建进程、创建/修改/删除文件、网络连接、DNS解析、创建/删除注册表等。其中IOA告警规则包括进程创建、文件创建、域名访问、网络连接等。当XDR平台检测到您现网环境中存在可以匹配上的规则内容的威胁信息，将会生成对应等级的安全告警，并且将对应的进程链自动溯源后展示相关逻辑。
场景一：例如您可以在自定义IOA告警规则中设置当发现业务人员在电脑上使用命令行查询域控相关信息时，识别为异常行为并触发告警。
点击配置管理->自定义告警规则导航栏，点击新增，新增自定义IOA规则，规则名称填写为用户查询域控相关命令执行，确定性等级选择高可信，告警等级为高危，适用系统为Windows，ATT&CK跟规则描述为选填。
当有业务用户终端（已安装agent）执行相关命令后，XDR平台检测到相关IOA告警，提示您该主机可能存在风险。
(2)自定义IOC规则。IOC (Indicator of Compromise) 是一般在主机失陷或安全事件发生后，人们会进行安全事件调查和取证。在调查取证过程中会提取一些具有指标意义的数据片段，例如文件Hash、文件名、DNS、IP地址、Windows注册表项、字节流序列特征等。这些数据片段常被人们称为“失陷指标”即IOC。IOC规则告警是通过识别特定的恶意指示来监测网络安全威胁的一种方式，自定义IOC告警规则允许用户根据业务需求定义告警规则，如果XDR检测到与自定义规则匹配的IOC规则，就会触发相关告警，以帮助企业及时识别并处理安全威胁。"
XDR由自定义告警生成事件？,自定义告警生成事件是一种用户可以通过自定义事件规则。把自己需要关注的风险（除开事件外还可以关注的哪些告警），能够快速筛选出来，告警的具体指标有：五元组、规则ID、域名、URL、文件MD5、文件路径、X-Forwarded-For、告警等级、确定性等级、检测引擎、风险标签、攻击结果、数据源、访问方向、威胁定性等，用户可以灵活根据告警上面指标配置规则，自动生成安全事件。
XDR支持产品接入情况？,"深信服XDR支持自有产品接入和第三方产品接入：
１．自有产品接入
自有产品接入允许您将深信服安全设备与XDR平台对接，将安全数据（安全告警、安全事件、资产以及攻击面等）上报并利用XDR进行关联分析。
产品接入状态说明：
（１）日志上报：表示该组件给XDR平台上报日志的通道是正常的，XDR平台能正常接收到该组件的数据。
（２）联动/处置：表示该组件的单点登录或封禁地址、隔离主机等联动功能是正常的，XDR平台能正常下发动作命令到该组件上。
（３）设备警报：表示该组件存在一些异常或者注意事项，比如版本过低、授权即将过期、系统时间不准确等问题，建议关注和处理一下。
２．第三方接入 
第三方接入应用分为第三方资产设备接入和SOAR应用接入。
类别	设备名称
（１）第三方资产接入	联软/画方/DNS服务器数据接入
（２）第三方SOAR联动接入	奇安信天擎/H3C防火墙/天融信防火墙/青藤蜂巢/华为防火墙/奇安信网神防火墙/迪普防火墙/联软终端联动响应平台/绿盟防火墙/山石防火墙
（３）当探针收到镜像数据是内网 DNS 代理后的数据时，会将 DNS 服务器判断为风险主机或业务，无法定位到真实的问题服务器 / 终端。接入说明参考“使用说明”：
第三方资产接入，如下：
跳转到[配置管理/产品接入/第三方接入]，填写实例名称、IP地址、用户名、免密、测试IP等信息，点击”确定“；对应用进行联通测试。"
XDR安全事件通知机制？,"为了让用户能够方便地查看和处理平台产生的事件，我们支持将事件推送到微信端。在这里，我们主要配置了将事件推送到微信的策略，包括是否开启微信推送、事件类型、事件等级、事件标签、资产范围、设备来源和热点漏洞预警等。
除此之外，我们还展示了已绑定的微信用户，这些用户可以接收到事件推送并进行相应的处理。通过这种方式，我们可以让用户更加方便地了解和处理平台产生的事件，提高安全事件的处理效率和准确性。"
XDR平台的账户权限机制？,账户权限技术是一种用于管理系统或应用程序中用户权限的技术。它可以帮助管理员对用户进行身份验证、授权和访问控制，从而保护系统和数据的安全性。本白皮书旨在介绍账户权限技术的基本概念、实现原理、应用场景、优势和不足。通过本白皮书的阅读，读者可以了解账户权限技术的基本原理和应用，从而更好地保护系统和数据的安全性。
XDR账号管理？,账号管理技术包括创建账号、管理密码、如何进行身份验证。创建账号时，系统或应用程序需要为用户分配唯一的账号标识，并记录用户的基本信息。管理密码时，系统或应用程序需要对用户的密码进行加密存储，并采取一定的安全措施防止密码泄露。进行身份验证时，系统或应用程序需要对用户输入的账号和密码进行验证，并确认用户的身份
XDR角色管理？,角色管理技术是一种用于管理系统或应用程序中用户角色的技术。它包括角色、权限、访问控制等基本概念。角色是指在系统或应用程序中具有特定权限的用户组，权限是指用户在系统或应用程序中可以执行的操作，访问控制是指系统或应用程序对用户访问资源的控制。
XDR平台操作日志？,操作日志是指记录系统或应用程序中用户操作和系统行为的一种记录方式。操作日志可以记录用户的登录、操作、修改、删除等行为，也可以记录系统的运行状态、错误信息、等信息。操作日志是系统安全、故障排查、和业务分析的重要依据。
什么是集群？,"集群是指将多台计算机节点组成一个整体，通过网络互联，共同完成某项任务。集群技术可以提高计算机系统的可靠性、可扩展性和性能，广泛应用于大规模数据处理、高性能计算、分布式存储等领域。
  集群设置主要提供了管理XDR集群的功能，主要包括：创建集群、扩容集群以及查看集群节点状态。
  创建集群是XDR系统的起点，创建集群需要三个以上同型号的节点并且所有节点正确配置网络。
  扩容集群是XDR集群扩展方式，可以把同型号的节点添加到节点来获得更高的数据分析能力、更大的数据存储能力。"
XDR授权管理机制？,"授权管理页面是一个非常重要的页面，它提供了XDR租户的授权信息，帮助管理员和用户了解他们的授权情况。在该页面上，用户可以查看XDR平台的激活时间和授权类型，以及订单系统和安服mssp平台开通的服务信息。
  服务信息是授权管理页面的一个重要部分，它包含了服务类型、服务名称、授权状态、服务介绍和有效期等信息。服务类型分为基础项、增值项和托管检测与响应服务MDR，每种服务类型都有不同的服务名称和服务介绍。授权状态显示了服务是否已经授权，有效期则显示了服务的有效期限。
  通过授权管理页面，管理员和用户可以轻松地了解他们的授权情况和服务信息，以便更好地管理和使用XDR平台。"
XDR对APP商城的作用？,"后疫情时代，许多企业采用混合或者多云的架构，在这样的架构上采用的多种安全策略并存，这样孤岛似的安全防护。现在显得有些力不从心。一种统一的安全方案就显得尤为重要，能够将各种安全策略、安全工具应用于全局。
    App Store做为开放生态的基石，能够适配各种各样的安全工具和策略，用以打通孤岛数据和孤岛工具整合到用户生态全局，技术架构基于XDR平台架构交付场景，满足不同用户需求，IT/OT安全统一管理方案，扩大开发性的XDR安全检测边界，可快速响应渠道，ISV协作定制述求，支持SIP、AF、EDR等组件赋能闭环，增强组件竞争力。"
XDR对物联网安全的作用？,"借助XDR的App Store开放能力，联合AF与XDR优势，让用户在面对海量物联设备，为电力、能源等行业建立IT+OT一体化管理的可复制的样板点，可持续推广；无客户的数字化转型提供安全能力。
    管理员提供清晰的物联设备资产台账，随着数字化转型的推进，大量的智慧化业务增加，带来的是更多的物联网设备连接网络，日常运维能力繁琐
    平台可以更准确更全面识别设备的详细信息，以判断设备是否可以入库，简单快速地完成可信设备及需要入网设备的入库审核操作，使得可信设备可以访问内网业务，同时建立可信设备的管理台账。"
XDR的生态？,"１．数据对接
用户可以通过Kafka和API来获取安全事件、安全告警、资产等数据。通过这些数据，客户可以更轻松地获取安全事件和告警信息，将其与其他系统和应用程序进行集成，也可以帮助客户更好的了解其资产和安全状况，从而更好地做出安全决策和规划。
２．应用商店
应用商店是XDR平台对外提供的一个开发者应用中心，通过应用商店，可以为客户提供更多XDR开发的定制功能和应用，满足客户独特的业务需求和场景。此外，客户也可以根据自己的需求和业务进行自开发和扩展，满足不同客户多样化的安全运营需求。"
XDR的全局调查？,"安全人员出现了一定的安全事件、或者在研判分析的过程中，发现了一些线索，希望可以在当前平台中完成对应的调查需求，如果通过查告警、筛选日志溯源，是一个比较费劲且需要高度专业的事情，攻防百宝箱主要实现这种全局调查功能，可以以攻击者视角快速调查攻击IP的溯源和影响资产；即能完成快速调查，又能快速体现安全人员价值。未来百宝箱还会扩展多项能力，例如：主机健康度调查、主机动态取证、主机攻击影响面等。
在XDR左下角“攻防百宝箱”按钮，进入攻防百宝箱页面，可以根据单个IP地址、文件MD5或域名结合时间段一键进行威胁狩猎并且进行信息统计。
全局调查内容包括检测情况统计、组织活跃度、影响资产以及关系溯源图四大方面进行内网影响分析。"
XDR对智能遥测的支持？,"智能遥测数据采集和过滤是XDR平台能力的基础。深信服自研的数据采集系统（内核态和用户态混合），数据类型覆盖Sysmon，性能显著优于Sysmon，其采集探针建设统一遵从以下3S标准：智能（Smart）、稳定（Stable）、轻量（Slim）。
1．智能识别采集，动态策略深度监控
监测数据来源可谓十分庞大，尤其终端侧甚至每秒可以达到百万级别，如何智能的选取采集类型是遥测数据采集的核心。
深信服终端采集探针利用多种技术（AI引擎、异常检测、规则引擎），结合当前用户环境、业务状态、风险等级等，动态评估需要采集的遥测数据，做到安全效果和数据量平衡。例如，终端会采集进程的关键API行为，识别诸如屏幕截取、键盘记录、远程桌面等行为，但整体数据量过大，且绝大多数行为和攻击无关，属于无效数据；因此探针会智能识别合法进程，并监控进程的安全状态，仅当新的未知进程启动或是合法进程被漏洞利用、内存攻击（注入等）之后，才会进行深度监控采集。
2．稳定持久运行，用户全业务零感知
安全设备在采集数据的同时，最基本的原则就是不能影响用户原有业务，这里包括网络链路和终端资源两个维度。传统杀毒软件客户端重载导致终端性能消耗高、电脑卡顿，软件兼容性差，同时终端设备众多也导致安全运维工作繁重。深信服EDR轻量化客户端，业务无感知的半自动化安全运维。网络链路侧设备和终端设备能做到：
网络：纯旁路采集，不影响用户网络。
终端：兼容实验室的大量、复杂环境测试；能够承载大量（数十万）用户终端稳定运行。
3．轻量数据传输，极限带宽资源占用
基于2021年MITRE的ATT&CK评估测试中对遥测的定义，它是：“经过最小化处理的数据，是为了证明特定攻击行为而产生的，可以明确表明特定行为发生了并且和特定的攻击机制相关（确实发生或者可能发生）”。也就是说，遥测数据更倾向于需要优先收集和攻击行为有⼀定关联性的数据，这种遥测数据和元数据最大的不同是它是和特定的攻击技战术行为相关，这个发展有多重的价值： 
（１）进⼀步压缩了需要传输、存储、分析数据，大幅度降低了安全的成本；
（２）基于元数据的分析，有大量的艰苦的识别工作（哪些适合恶意行为相关 
的），需要分析师具备⾮常专业的能力并付出大量的时间，而现在这种行为已经前置数据采集阶段就完成了； 
（３）基于遥测数据，使基于AI的模型检测成为可能（即自动化威胁狩猎），而AI模型的完善，可以使绝大部分时间检测环节不再需要大量的分析人员，这对于当前普遍缺乏中高端专业人员的安全行业，是⼀个⾮常重要的进展。
轻量的要求一是保护用户资源，降低传输带宽要求，因此网络探针的硬件要求低，终端探针资源消耗CPU闲时不超过1%，极限忙时不超过10%，占用内存50M以内，每天使用流量小于5MB，并且根据终端资源消耗动态调节采集策略。二是降低云端存储成本，面对多租户、大批量数据时仍能保证良好的可靠性和可用性。"
XDR组件综合能力？,深信服XDR的安全能力首先继承了网络侧安全组件（SIP/STA/AF）和终端侧安全组件（EDR/CWPP）的全部能力，在此基座之上构建平台能力。
XDR组件网络侧威胁检测能力？,"网络侧安全组件具备高级威胁检测能力。基于全球数百个威胁情报源和深信服多个安全研究团队的APT事件发现、跟踪成果，运用威胁情报、文件虚拟执行、智能规则引擎、机器学习等技术，可以检测和发现高级网络攻击和新型网络攻击，涵盖：APT攻击、勒索软件、远控木马、僵尸网络、窃密木马、间谍软件、网络蠕虫、邮件钓鱼等高级攻击。
网络侧还有UEBA异常行为检测能力。UEBA是通过对内部用户和资产的行为分析，对这些对象进行持续的学习和行为画像构建，以基线画像的形式检测易于基线的异常行为作为入口点，结合以降维、聚类、决策树为主的计算处理模型发现异常行为，对用户/资产进行综合评分，识别内鬼行为、已入侵的潜伏威胁、外部入侵行为提前预警，应用场景有账号登录异常、数据库异常、外联异常、外发数据异常、访问异常、账号爆破等等。"
网络侧安全组件的规则是什么？,规则是通过各种漏洞所提炼出的特征，通过在流量中所提取的一些特征拉匹配规则，判断流量是黑还是白
网络侧安全组件的模型是什么？,模型是利用算法解决一类具有共性特征的问题。获取流量中的一些特征，例如URL等，通过这些特征建立模型，判断访问的流量是黑还是白。即模型就是一个函数y=f(x)，x是从流量中所提取的特征，函数输出的y表明流量是黑还是白。目前SIP针对每个检测引擎下的细分场景都有对应的检测模型，有基于人工智能构建的机器学习和深度学习的模型。例如在DNS检测引擎中的DGA随机域名场景中，使用深度学习算法LSTM解决了黑客使用DGA算法生成随机域名的问题；在HTTPS检测引擎中恶意程序下载场景中，使用机器学习算法决策树识别恶意下载行为。
网络侧安全组件的检测引擎是什么？,"检测引擎是按照不同的场景、不同的协议，所提出的检测引擎类别。例如针对协议的检测引擎有：DNS行为分析引擎、HTTP行为分析引擎；按照场景的有：邮件行为分析引擎、内网行为分析引擎等。目前SIP组件内置16个检测引擎，同时每个检测引擎下有多个细分检测场景。
网络侧安全组件中的威胁检测引擎，除了高级威胁检测能力之外，还可检测多种网络协议中的攻击行为，提供网页漏洞利用、Webshell上传、网络攻击等多种维度的告警展示，可检测如僵木蠕毒、溢出攻击、拒绝服务、间谍软件、端口扫描、网络钓鱼等多种网络攻击行为，也可检测如SQL注入、XSS、Webshell、代码执行、命令执行、文件包含等多种Web攻击行为，内置的Webshell沙箱和Webshell机器学习模块可以精准检测PHP、ASP、JSP(X)等后门并记录相关信息。覆盖文件威胁、挖矿检测、邮件威胁等等场景。"
XDR组件终端威胁检测能力？,"终端侧威胁检测能力包括IOA&IOC引擎、异常行为检测引擎、ADR、AMSI等等模块化能力。IOC引擎通过传统的威胁情报进行静态特征匹配，由SaaS进行云端能力下发，能够达到快速更新，紧跟业界和行业的安全动向。而IOA行为检测引擎将威胁检测从静态特征匹配转为攻击行为识别，二者结合能够从根本上应对不断更新的攻击手段。
传统主防以规则为检测手段，通过规则发现攻击威胁，难以覆盖高级威胁，例如无文件攻击、模仿攻击（Mimicry）以及跨重启跨长时间窗口的APT攻击。深信服IOA行为引擎基于先进的数据编织（Data Fabric）框架，以及多事件复杂关联规则匹配算法，依靠泛化行为规则提高未知高级威胁攻击检测能力，能关联复杂的、时间跨度大的攻击行为，精准、详细、真实地描绘攻击者行为，在进程层面形成可视化攻击链。IOA寻找攻击可能正在进行的迹象，而不是关心攻击的步骤是如何执行的。这些迹象可以包括代码执行、试图隐身、横向移动等等。如何启动或执行这些步骤对IOA引擎来说并不重要，例如，对于IOA来说，一个活动是从驱动器上复制的文件启动的，还是从无文件技术启动的，都无关紧要。IOA关注的是所执行的行为、它们之间的关系、顺序、依赖性，将它们视为揭示一系列事件背后真实意图和目的的指标。IOA不关注攻击者使用的特定工具和恶意软件。
深信服IOA引擎不仅检测恶意事件、分析难以区分的灰色事件，还通过合法事件对攻击事件进行关联，最终构造攻击场景。依靠泛化行为规则提高已知和未知高级威胁攻击检测能力，补充复杂行为关联检测领域空白，构建行为检测防御层级，增强多层次纵深防御检测能力，帮助用户有效抵御已知和未知高级威胁攻击。
终端侧组件还有深信服自研的ADR（Application Detection and Response，应用检测与响应）进行应用级别的漏洞检测，针对网络检测较难覆盖的漏洞类型如加密流量的漏洞利用提出解决方案；热补丁技术，不需要重启就可修复系统漏洞；AMSI（https://cloud.tencent.com/developer/article/1590511，反恶意扫描接口）通过虚拟执行对恶意脚本进行检测；BASE用户失陷检测技术，智能检测失陷用户、0day漏洞等等模块化能力。通过层级检测的设计，快速过滤，降低性能消耗的同时提升精准度，实现从低级的自动化攻击、到高级隐秘的APT攻击全覆盖，通过EDR能够发现传统杀毒、流量检测工具无法检测的安全事件类别如：加密流量攻击、无文件攻击等，当前能够覆盖ATT&CK中264中攻击技战术，是传统态势感知检测工具检测效果的300%。"
XDR组件终端杀毒能力？,"终端侧的深信服SAVE引擎，是一款本地轻量的AI杀毒引擎和国内第一个基于AI的静态文件扫描引擎，且是国内唯一获得AV-Test评测满分的引擎。该引擎利用深度学习技术对数亿维的原始特征进行分析和综合，结合安全专家的领域知识，最终挑选了数千维最有效的高维特征进行恶意文件的鉴定。相比基于病毒特征库的传统检测引擎，SAVE 的主要优势有：
- 强大的泛化能力，甚至能够做到在不更新模型的情况下识别新出现的未知病毒；
- 对勒索病毒检测达到业界领先的检出率，包括影响广泛的 WannaCry、BadRabbit 等病毒；
以 PE 文件查杀为例，SAVE 会从文件的头、节、资源和签名等多个部分提取信息，作为判别输入。对于原始二进制文件，SAVE 通过多种方法（词向量嵌入，主成分分析，深度神经网络等）提取出信息量丰富、类间界限明显，稳定可靠的的高层次向量化特征。基于特征向量，SAVE利用集成学习，综合多种分类算法（随机森林，神经网络，支持向量机等）进行鉴定。最后，综合评分系统整合各模型检测结果，综合判断文件黑白属性。
依托于深信服安全云脑基于海量大数据的运营分析，SAVE 能够持续进化，不断更新模型并提升检测能力，从而形成本地传统引擎、人工智能检测引擎和云端查杀引擎的完美结合。
在现实世界，不同病毒变种间的底层二进制代码片段在不断变换。为了识别未知病毒威胁，SAVE不再依赖于前述传统方法依赖的字节级特征，而是使用AI技术提取稳定、可靠的高层次特征。当病毒变种间为了实现相似乃至相同的病毒功能，他们代码的高层次语义特征往往是相似的。正是基于对病毒演化本质的深入理解，SAVE 通过神经网络等多种机器学习算法自动提取高层次特征，SAVE具有很强的泛化能力，能够更好的识别未曾见过的病毒样本，抵御抗病毒变种和新病毒家族等未知威胁。"
XDR遥测数据有什么特点？,"网络和终端的遥测数据结构、语义都不相同，不同终端操作系统的事件类型也都不同。如何通过深度整合端网遥测数据，更快、更准地检测、研判、溯源攻击，是XDR平台的核心能力。其中第一步，即建立统一的数据模型，将端网多源异构数据整合，用以精准地描述网络空间发生的事件，而后续的分析、检测、溯源、展示等，都将基于此统一的数据模型，这也是XDR对于传统SOC、SIEM的革新之一。深信服XDR平台处理的遥测数据有三大特点：
- 多源：E（端点侧）+N（网络侧）+X（扩展）
- 异构：数据类型/字段不一致
- 分级：探针侧分析/XDR平台关联/云端分析"
XDR处理安全数据机制？,"深信服XDR选取了Provenance Graph（溯源图，也可以称为Dependency Graph，依赖图）作为数据模型的基础架构。这里的图不是传统意义上的图片、图像（Picture），而是由无数的点和边构成的拓扑图（Graph）。对于终端侧收集的数据而言，点就是进程、文件、注册表、IP、DNS、内存、计划任务等，而边就是系统级事件（Event）；对于网络侧收集的数据，点就是落在网络拓扑中的云、网、端节点，而边就是互相连接的网络流量。溯源图按时间顺序记录用户环境中发生的一切行为，即将用户网络中所有的数据串成一个图（Graph）。
深信服XDR平台使用Flink CEP（Complex Event Processing复杂事件处理引擎）技术作为底层数据处理的核心，通过结合多种关联规则模板来实现复杂的CEP语义。"
什么是CEP，其有什么作用？,"CEP是一种基于动态环境中事件流的分析技术，事件在这里通常是有意义的状态变化，通过分析事件间的关系，利用过滤、关联、聚合等技术，根据事件间的时序关系和聚合关系制定检测规则，持续地从事件流中查询出符合要求的事件序列，最终分析得到更复杂的复合事件。
CEP还可以实现跨终端、跨网络的复杂攻击检测规则编写，针对不同攻击场景持续提供攻击检测规则，安全效果远超独立的端、网组件。由于网络侧和端侧数据的相互印证，可以提高对大多数告警的研判准确性，从而解决了传统单点安全组件海量误报、运营人员疲于响应的运营难题。同时二者信息相互补充，为安全事件数据的富化提供了基础，安全事件得以展示更多维度的数据和信息，从而使得运营人员的研判和处置响应更高效有效。"
XDR如何定义威胁？,"在面对海量告警的时候，运维人员无法对告警进行一一研判，可能导致关键告警被忽略，即使在重保场景下加派人力监控也有可能忽略重要告警。经过对大量的告警分析，告警主要有以下几种类型：
业务误报：正常业务操作触发的告警，主要包括由于本身业务实现存在不规范（比如sql语句直接拼装在请求）、业务数据存在敏感信息触发告警规则（比如数据上报内容包括敏感命令操作）；
自动化扫描：自动化扫描器触发的告警，主要包括野外漏扫器、批量自动化漏洞探测等；
黑灰产病毒攻击：是指由黑灰产团队在野外批量打点或者在内网进行横向扩散过程；
人为手工攻击：是指人为参与的手工攻击，包括各种安全测试、内网渗透、攻防演练、定性攻击；
其中大部分告警属于低价值的业务误报、自动化扫描，这些告警量大、价值低严重拖累处置效率，真正需要关注的病毒类、手动攻击告警量反而占比少。威胁定性就是对告警进行上述告警类型定性，以达到更高的处置效率。
业务误报识别主要通过访问行为学习方式判定，产品上线后会通过告警自动化学习各类访问行为，建立业务访问基线，通过内置业务行为模型识别告警是否由正常业务触发。（比如识别到大量主机对同一主机触发告警等业务行为）
病毒行为识别主要通过安全专家通过逆向分析，提取病毒行为特征（文件路径、进程命令行、通信流量、任务计划名、横向扩散手段等），构建病毒场景化模型，精准识别病毒场景。
最为复杂的为人机行为识别，人机识别基于攻击时间间隔零散性、攻击payload变换频率、攻击持续时间等多维度特征构建机器学习分类模型进行预测，精准区分人机行为。
最后，通过云端强大的威胁情报库，对行为进行富化，通过IP、域名、MD5等特征，快速鉴别病毒、攻击队、APT等场景，精准定位具体的攻击者画像。"
XDR如何持续检测隐藏的威胁？,"SaaS云端的分析引擎首先自动化的对日志进行分析检测，驱动由告警向事件的转变，但随着攻击技术的演进，攻防对抗强度不断提升，安全设备的效果也在不断受挑战，安全运维离不开人工参与。深信服云端XTH威胁狩猎团队持续保护用户安全，7*24小时值守，对XDR产生的安全事件进行实时研判，研判后的事件会打上XTH标签，确保事件达到99.9%的准确率，以方便用户及时处置威胁。
云端威胁专家还会持续进行威胁狩猎，对新的IOC、IOA进行持续回扫，同时分析用户环境中异常信号，发掘用户环境中潜在的威胁，例如，清理登录失败最多的账号、终端、持久化、信息泄露等。
同时XTH可增强未知威胁的检测能力：通过弱行为挖掘隐蔽事件，比如系统命令whoami的执行，可能是某应用查看自身权限，可能是已经有威胁潜入，云端专家追踪最新情报，通过回溯查询是否有过去已经被攻击的事件，提升威胁的持续对抗能力。"
XDR如何处理多个数据源的数据？,"多源数据融合
客户安全设备多，安全能力碎片化严重，运营效率低。而SIEM、SOC类产品不具备对多源第三方理解的能力，只能机械录入规则、剧本，无法实现动态泛化，本质上未解决客户运营效率的问题。
多源第三方数据融合本身难度大。第三方日志在规则命名、分类、字段定义等有较大差异，数据融合以及赋能难度大。比如在数据融合上天眼规则”泛微OA系统远程代码执行漏洞”与SIP规则”泛微OA 远程代码执行漏洞”属于同一规则需要归并为同一告警，但是规则ID、规则描述、规范分类等都不同，自动化融合为同一告警难度大；
安全效果赋能难度大。以前我们的安全能力都是针对我们自身日志，限制比较多，如果要提高开放性对架构、设计有较大挑战。比如我们的攻击成功识别绝大部分是针对自身日志做的，有规则ID限制；
字段	天眼	SIP
规则名称	泛微OA系统远程代码执行漏洞	泛微OA远程代码执行漏洞
规则ID	0x100206D1	11024478
分类	攻击利用-代码执行	漏洞攻击-Web框架漏洞-Web框架漏洞
对于不同厂商定义的规则描述不同问题可以采用NLP词法分析方式进行融合，其原理在于虽然不同场景定义的规则描述不一样，但是关键词是一样的，比如各类组件漏洞，肯定包含组件名称这些关键字，利用TF-IDF能够提取描述关键字，针对关键字计算编辑距离即可判定两条规则描述是否表达同一意思；
利用NLP词法分析融合。对于不同厂商定义的规则描述不同问题可以采用NLP词法分析方式进行融合，其原理在于虽然不同场景定义的规则描述不一样，但是关键词是一样的，比如各类组件漏洞，肯定包含组件名称这些关键字，利用TF-IDF能够提取描述关键字，针对关键字计算编辑距离即可判定两条规则描述是否表达同一意思；"
XDR如何实现威胁准确研判？,"传统的告警优化往往基于关键字段(如cmdline，processName)的文本相似性、发生频率统计等简单粗暴的方式消除告警疲劳，防止真正的安全威胁淹没在海量的告警中，但是因为没有考虑攻防安全语义，导致告警举证困难、因果关联性弱、易读性差。
深信服XDR平台实现了按照安全语义对告警进行无缝融合，结合用户网络拓扑、资产、漏洞、补丁、弱配、白业务访问关系等，引入了几百种的细粒度告警融合策略，且融合过程中层层因果举证，弹性聚合，突出真正高危攻击，便于真正的风险能够及时处置闭环，从而消除告警疲劳，大幅降低事件处置工作量，提高其处置效率，提高安全威胁决策指挥能力。
XDR平台自动发现并动态更新若干张用户Threat Graph并动态研判，包括但不限于资产拓扑图谱、攻击路径图谱(基于角色、用户、权限、资源、操作、状态等)，数据访问图谱多重投影深度关联，可以高效自动识别骨干攻击节点、因果推断、发现攻击链路、多弱信号强化，结合资产攻击模型的弱密码、漏洞等风险项自动化根因分析、攻击影响面评估，贴合用户业务视角的态势评估、攻防预警，整个攻防全景无死角。
深信服XDR平台通过深入分析威胁图谱中全种类实体节点聚合、威胁告警聚合、因果推断、AI自动聚类、子图相似性比较等技术，快速自动识别图谱中若干重要节点的主机内、跨主机、跨租户数据流、执行流、时序流等关联，自动推导出高质量的IOC、IOA用户临场情报。相比传统的情报（可疑数据采集、多引擎扫描系统、沙箱动态评估系统、人工专家确认等），无论从生成流程时效性、还是用户实际关联程度均能提升N个数量级。利用临场威胁情报自动发现，并结合用户资产拓扑和攻击图谱，可以对入侵攻击路径做出精准预测。"
XDR如何展示威胁？,"可视化故事链，精准直接展示威胁
一次完整的攻击并不是一蹴而就的，会在不同节点留下蛛丝马迹，部署在不同节点的安全组件就会因此产生大量孤立的安全日志，孤立设备告警高度依赖人工进行聚合，需要排除冗杂信息、结合上下文信息、历史信息、安全知识等进行研判，这个过程会花费大量的时间和精力，且安全效果依赖安全分析师个人能力。深信服XDR使得安全运营人员在一个工作界面中，完成检测、分析、响应的绝大部分工作，以显著提升工作效率，需要保证工作需要的所有数据可以在这个平台上方便地获得，减少在不同设备间切换的成本
深信服XDR以统一数据模型为基础，在原生关联的数据基础上进行检测，组件检测结果带有天然的关联关系。在Provenance Graph（溯源图）这张巨大的图中通过时间、资产、网络、情报等多因子进行关联，选取与威胁相关的点和边，形成一张小型图，而这张小型图就是攻击故事链的雏形——威胁图谱。
深信服XDR采用威胁图谱（Threat Graph）进行统一归化，高保真安全语义模型弹性支撑各类格式的安全数据。模型提取和安全语义相关的字段，统一建模抽象包括但不限于实体节点类型的进程、文件、注册表、用户、网络端口、定时任务、WMI、COM、业务资源、蜜饵资源等点结构，以及告警举证、创建关系、引用关系、删除关系等安全语义边结构。通过统一的Threat Graph图模型描述语言可以弹性支撑异构多元的数据集合，包括但不限于终端侧IOA、内存扫描、文件扫描、威胁情报、流量侧告警、云原生Docker、业务UEBA、零信任日志等，为后续深度关联、研判分析提供高保真的语义模型。
平台基于告警统计、时序、语义、情报、关联等维度上下文，结合攻击成功检测，精准判断是否中招。对告警进行自动化分类，并评估其威胁等级，降低误报对安全运营人员的干扰。针对不同场景，灵活采用了强关联或弱关联，通过ATT&CK技战术因果关系、时间顺序、威胁场景等关联，发现最合理的数据关联关系。XDR的安全事件检测结果都带有攻击的上下文以及一次攻击涉及的所有组件告警，在一个页面即可展示一次完整的攻击，帮助安全运营人员高效快速的研判威胁。
可视化故事链实际上从视野由小到大分为四种形式：
终端失陷溯源可视化：在大多数攻击场景中，攻击者往往是先获取网络中的单个PC或服务器的权限后，以其作为跳板开展后续的横向移动行为，并逐步扩大影响；黑产中的病毒传播亦是如此，首先感染0号主机，之后按照一定的攻击手法感染其他主机与资产。安全分析师进行溯源分析的过程中，首先是需要找到一个典型的失陷主机，查清楚当前主机中攻击者的入口、入侵顺序、与技术手法，以便于溯源。基于单主机的溯源调查分析，是多主机关联分析安全事件必不可少的基础。因此单主机溯源可视化至少要包括入口点定位、恶意行为记录的功能，帮助安全分析师快速复现当前主机失陷过程，对症下药进行处置，并跟进攻击者后续行为以减少后续危害扩散。
攻击影响面可视化：攻击影响面评估是在单主机生成了威胁告警之后的下一步研判行为，需要明确失陷主机是否攻击过其他主机、访问过其他服务器、进行了哪些网络通信行为。基于此，安全分析师重点筛选出其他可能的受害者主机，划分此次事件影响范围，做出相应的处置行为如网络划分隔离等。攻击影响面评估为后续多主机的关联起到了承上启下的作用，主要聚焦在单个资产的横向移动、外联行为的发现等。
多主机事件关联可视化：通过对已失陷主机资产的分析、确认不同失陷主机的安全状态后，安全分析师或者平台算法可以根据一定条件将此类事件进行关联分析，就好像警察面对刑事案件时进行并案侦查一样，汇聚成一个跨主机的攻击链事件，还原攻击者的真实目的何在、攻击路径如何。此项可视化能够展现一次复杂攻击事件的全景，为企业复盘安全事件、寻找信息系统薄弱点提供巨大便利。
攻击者画像可视化：对于当前安全事件分析后提取对应的TTPs（攻击行为特征），结合行业独有的威胁情报与攻击趋势，XDR可以描绘出当前在企业内外侧的攻击者画像，通过对攻击者的位置、常用漏洞、基础设施、IOC、样本、攻击手法、近期活动趋势等信息进行汇总，帮助企业对当前攻击者有更加全面详尽的认知，知己知彼，方能百战不殆。同时如果可以与SaaS能力相结合，将攻击者可视化画像通过云端下发到同行业，就如同通缉令一般，起到防患于未然的作用，形成更强有力的防守壁垒。
攻击可视化是安全运营快速演进、高度发展下的必要产物，XDR作为一个集威胁发现、防御与响应为一体的安全运营平台，提供先进的可视化技术，才能与平台后端高速发展的检测与分析技术相匹配，也是让安全运营人员省时、省力、省心的最直接手段。"
XDR对富化后的数据处理机制？,"在进行安全事件研判时，分析人员需要大量的信息输入，以进行快速精准的研判，而这些信息可能是数据收集之初所不具备的，需要进行上下文关联，将多个原始数据合成一个具有高层次语义的遥测数据。这里的数据富化包括两个维度：
第一是在采集数据中的富化。例如，对于挖矿攻击，分析人员需要知道系统业务的历史信息，风险主机的CPU/GPU使用率将有助于专家研判。
第二种是情报信息的富化。例如在面对APT攻击之时，分析人员需要知道DNS、IP、文件合法性等IOC，精准应对拦截。
在传统安全分析中，这些信息需要分析人员导入第三方威胁情报或通过沙箱、云端查询等方式手动获取，而深信服XDR平台会将这些信息直接展示在安全事件告警页面，大大减少研判时间，提高研判效率，为用户带来省时省力的价值。
深信服威胁情报系统通过内外部威胁情报采集，并将采集信息上报至云端威胁情报平台，经智能多引擎和情报分析专家鉴定，再实时网端云协同完成下发闭环。
图5-5 XDR平台的威胁情报能力
深信服XDR平台通过云网端遥测数据采集，提供丰富的情报上下文信息，威胁检出更准确、更全面，并基于已发生事件IOC（如文件hash、域名、URL、IP），已发生事件TTPs或攻击者信息关联挖掘新威胁，通过威胁狩猎模块能够快速验证新威胁的准确性。
结合NLP（Natural Language Processing，自然语言处理）和CV（Computer Vision，计算机视觉）等技术，实现对多源异质数据的内容分析和分级分类，高效精准定位受害主体和数据中的敏感信息，利用云端开放性及情报广度，赋能规则、算法、事件的实时更新，提升安全威胁的响应速度和安全效果。"
什么是0day漏洞？,0day漏洞指未公开、没有补丁的高危漏洞，攻击者利用0day漏洞可以轻易获取服务器控制权限。目前，大部分的传统安全设备对0day漏洞不具备防护能力。当前利用0day的攻击趋势愈演愈烈，且0day漏洞在攻防演练期间被大量利用，其中大量为国外漏洞库并不收录的国产软件漏洞。根据深信服深瞻情报实验室统计，仅2021 年上半年，在野 0day多达39个，远超2020/2019全年数量。还有很多 0day漏洞攻击未被发现或公开。作为高级的攻击手法之一，0day被APT组织广泛大量的使用。
XDR如何检测0day漏洞？,"对于0day漏洞的检测深信服XDR提供了两种维度的检测：
第一是漏洞利用阶段，通过深信服提出的ADR（Application Detection and Response，应用检测与响应）概念，对应用中非基线的异常行为进行识别，结合IOA引擎中的UserMode API hook、Kernel Callstack等内存扫描技术，从而发现从未出现的0day漏洞；
第二种是通过IOA引擎进行漏洞利用成功后的POST-Exploit阶段的检测，如外联、泄密、持久化等行为，再倒推联动到历史网络侧的告警，从而发现0day漏洞。
深信服IOA引擎基于UserMode API hook, Kernel Callstack等多种高端内存安全技术，针对Windows终端(PC端/云服务器等)二进制漏洞利用全生命周期阶段（事前，事中，事后）各类常见手法进行高效、精准、广谱行为检测，完善ATT&CK中漏洞利用相关细化场景，发现已知的nDay漏洞利用行为和未知的0day漏洞利用行为，包括但不限于常见的ROP、StackPivot、HeapSpray、DEP Bypass、UAC Bypass、本地提权等技术。
针对在野0day的捕获，采用业界先进的轻量级的机器学习技术，针对漏洞利用Payload中异常指标(包括但不限于混淆加密、Payload特征、常见exploit API函数、参数等)发现流量中最可疑的流量Session，并基于PCAP流量沙箱 进行捕获及回放，从而可以自动化高效狩猎在野0day攻击。"
XDR产品的优势？,"AI驱动狩猎，云端专家能力互补
深信服XDR平台通过云端的多AI引擎快速分析每日海量事件，同时云端专家挖掘狩猎新式攻击，在发现攻击的蛛丝马迹（IOA）或是全新的威胁情报（IOC）时，基于XDR平台的分布式、边缘计算架构，在全网范围内对用户过去的和正在发生的事件进行回扫，发现相似的、潜在的攻击，并在云端由安全专家进行研判，保证检测的准确性。
这3种狩猎方式，各有适合的场景，但就持续内网检测而言，AI驱动的自动化狩猎无疑是最重要的：
- 对分析专家没有强依赖，可以进行持续化检测；
- 以自动化方式大范围的覆盖攻击者使用的技战术行为，切实保障检测的效果。
可以认为只有实现了基于AI驱动的自动化狩猎，高级威胁检测才完善起来，但也要理解并不能单纯依赖AI方式狩猎——对于新出现的攻击技战术，需要一定的时间去开发AI模型，在这个时间段内，其他不同的狩猎方式互补的必要性就显现出来了。
基于AI的自动化狩猎不是单纯依赖机器的力量，而是把专家经验和人工智能的优点做了完美的融合。和攻击技战术相关的所有异常点采集（遥测数据的关键部分）、异常点和具体技战术的对应关系，以及触发异常的可信度分数，都是安全专家根据实战经验和安全研究的成果分配的。但在特定环境下，一些异常点往往会中属于正常行为，因此大规模触发，显著影响精确度。为了解决这个问题，AI狩猎的方式会基于环境因素动态调整可信度分数，以减少频繁出现的误报；进一步再基于特定异常点的组合分析，来确定某些技战术对应攻击行为发生的可能性，把其中可能性最高的优先提供给安全分析人员或者激发自动化响应机制。深信服XDR通过平台+MDR服务实现这种AI+安全专家共同构建的自动化狩猎机制，可以应对复杂的高级持续性威胁。"
XDR如何主动防御？,"深信服XDR攻击面管理组件ASM通过网络侧评估风险（影子资产、性能问题、成本）、终端侧修补风险。结合资产攻击模型的弱密码、漏洞等风险评估与多层次闭环，针对用户业务层实施基于RASP和API劫持等技术实现零摩擦的弱密码审计-双因子强化等自动化方案，常见Web中间件(struts, webLogic等)漏洞实现热修复，插件式即插即用，不重启目标进程。针对系统层实施智能热补丁、虚拟补丁、实体补丁推送， 并引入Windows RPC防火墙技术有效管控90%以上的内网横向移动。
深信服XDR还提供了诱饵检测能力，通过对大量勒索软件样本进行动态行为分析，总结出其在文件遍历与加密方面的行为模式，并基于勒索软件的文件遍历模式，系统地研究了诱饵文件的设计与部署方法。勒索病毒在入侵主机会进行横向传播扩散，影响范围十分广泛，一台终端中毒，全网业务瘫痪。深信服终端组件通过在系统关键目录，放置诱饵文件，并且保证这些诱饵文件会被优先枚举到。当有勒索程序对诱饵文件进行修改或删除时，将触发驱动拦截该进程行为，并将该进程信息上报给应用层进行病毒文件查杀。
该诱饵在用户环境中的关键位置放置不会影响正常业务，但会迷惑攻击者的诱饵。例如，当攻击者尝试窃取敏感信息时，会发现用户不可见的“敏感数据文件”；当攻击者尝试窃取系统账号密码时，会导出错误的账号和密码；当攻击者尝试收集网络信息时，会获得错误的IP信息。同时，XDR-Agent监控着上述行为，当这些诱饵被触发后，其上下文信息将被收集起来，以判定这是一次误触、正常业务，还是攻击。错误的信息将使得攻击者花费更多地时间在错误的尝试上（例如，通过错误的账号密码登录；通过错误的IP进行横向探测），从而消耗其更多时间，给防守方更多的时间进行分析和处置。
针对性的勒索诱捕方案，将勒索病毒的防御由被动转为主动，及时阻止勒索病毒的大范围传播，保护用户主机安全。"
XDR如何遏制安全事件影响扩散范围？,"在事件响应过程中的识别阶段，最重要的是尽快确定告警的真实性、基于初步识别的攻击意图、攻击阶段和事件类型判定其严重性。要完成以上工作最重要的是对报警进行上下文富化，无论是自动化溯源和影响面评估都依赖全面遥测数据，对此深信服XDR提供了：
丰富的遥测：跨端点、工作负载和身份捕获数万亿个安全事件，并利用https://www.crowdstrike.com/cybersecurity-101/threat-intelligence/、上下文和相关标记进行丰富；
深度分析：揭示数据元素之间的上下文关系，通过应用图形分析和机器学习算法实时识别和响应新的和不寻常的威胁；
强大的搜索：强大的查询和搜索引擎为响应者提供当前和历史取证详细信息以进行威胁调查；
数据可用性：通过强大的可视化仪表板按需访问丰富的数据，帮助调查人员了解对任何受影响主机的攻击的完整背景，无论位于何处；
而识别后的下一步就是阻止正在进行中的攻击对用户环境造成进一步的影响，这一步称为缓解（Remediation），并不会完全根除影响，只是阻止攻击的进一步扩散或对业务产生更大影响。深信服XDR通过联动组件提供各种类型的攻击缓解能力。比如对于挖矿木马的威胁，如果是重要业务服务器上发现某系统进程被利用有木马行为，杀死改进程或关闭业务服务器对于企业用户来说都是损失巨大的，这种时候攻击缓解可以先切断风险服务器与其他内网服务器的横向网络连接，保留对外的业务连接链路，再由安全运营人员进一步研判是哪个线程被利用再进行精准处置。此时的缓解操作既没有影响用户业务系统，同时遏制了攻击的进一步扩散。"
XDR如何从根因上分析攻击？,"在事件响应过程中，往往容易出现的错误就是“脚疼医脚、头痛医头”，仅针对报警相关的某个资产进行处置，这样就容易出现两个问题：
- 未能彻底清除攻击影响：在发现失陷的情况下，内网被控制的主机往往已经不止某一台，而是数台、数十台之多，这种情况下如果没有对攻击影响范围做分析，往往会使某些攻击者持续存在于企业网络中，甚至造成巨大的影响。
- 攻击者使用相同的攻击面，重复攻击：攻击者可以进入到企业内部，必然是因为存在确定可以被穿透的攻击面，如果只是对失陷主机进行处理，而不去寻找攻击者如何进入的原因，那么后续的攻击和失陷情况必然源源不断地出现。
深信服XDR在多种安全事件类型上持续摄取、关联、富化端点遥测，将终端的系统事件和网络的流量数据按照关联关系连接起来，并将用户IT环境中发生的所有事件绘制成一张威胁图（Threat Graph）。在检测到攻击后，通过在威胁图上进行自动化的溯源分析，可以定位到攻击的入口点。为避免攻击者利用之前的攻击方式再次进入组织内部，以及内部多个设备依然被控制的情况。深信服XDR使用根因分析机制，即通过影响面分析，全面掌握攻击者已经控制的主机范围，以保障可以全面根除攻击者对内网造成的影响；同时通过攻击链分析了解攻击者是通过何种漏洞、配置错误或者社交工程方式进入的，对相关的脆弱点进行及时的加固处理，防止通过同样的攻击方式持续不断的渗入到内网。
深信服Saas XDR通过攻击链还原、端网关联分析技术，基于后向和前向溯源分析，提供了自动化根因分析和攻击影响范围分析的能力。通过自动化分析，XDR可以为运营人员提供安全事件的全局视野，从而彻底清除事件影响、复盘企业信息系统弱点，构建更完善的防御体系。	- 根因分析（Root Cause Analysis）：基于后向追踪分析（Backward Tracking），XDR在发现攻击的蛛丝马迹时，立即对历史数据进行回溯，发现攻击的可能入口点，帮助分析人员定位攻击根因，提供加固建议。包括但不限于：钓鱼场景中，下载文件的浏览器、IP和DNS；漏洞攻击中，被漏洞利用的应用、服务器以及远程IP、DNS等等。通过自动化根因分析，可以快速发现攻击入口，经过即使修补，可以避免网络被反复攻破。	- 攻击影响面分析（Attack Impact Surface Analysis）：基于前向追踪分析，XDR在定位入口点后，快速发现此次攻击的所有路径，确认受影响资产，评估此次攻击对用户环境造成的损失，包括遭受攻击的终端以及对终端的损害：自启动项、新建特权账号、对操作系统配置的修改等。提供精准全面的根除建议。"
XDR自动化响应机制？,"深信服XDR平台可基于SOAR与智能对抗实现自动响应处置，提升处置闭环的效率。
1. 基于“人机共智”的安全运营理念，XDR平台提供了图形化的安全编排、自动化及响应SOAR（Security Orchestration，Automation and Response）工具，根据不同的安全事件可自行灵活地编排不同的处置流程，将安全运营相关的技术、流程和人员等各种能力整合在一起工作。
深信服自研分布式任务引擎，采用Json文件格式存储Playbook配置信息，通过Python脚本定义剧本流程的每一个分析、处置动作（Action），通过云端在线更新或离线导入剧本库，从而丰富剧本库。通过提供的API接口，用户可在线使用Python脚本语言编辑定义剧本节点，实现不同的处置动作。
2.XDR云端安全运营专家持续积累对常见威胁、热门威胁的响应建议，针对不同用户场景、不同威胁类型、攻击过程中使用的不同技战术（ATT&CK TTPs），自动生成可行动的、即使不具备安全背景知识也能理解的处置建议。同时，针对全新的攻击类型，云端专家在分析完成后，会及时提出针对性的响应建议。"
XDR平台网、端的组件如何联动？,"通过联动防御设备来实现一键封堵威胁攻击源，或阻断与病毒木马通信。具体方式包括：
网络侧-联动封锁：需联动深信服AF完成。以IP+端口+封锁时长形式进行所有协议/流量的封锁。
网络侧-ACL策略封锁：需联动深信服AF完成。提供基于ACL规则策略配置方式，执行精细化的防御，可细化到五元组 + 具体应用等。
端点侧-端点查杀：需联动深信服EDR/CWPP端点安全产品。对威胁主机进行联动EDR/CWPP查杀来形成闭环，对未知的可疑行为通过EDR/CWPP的终端日志、进程信息采集结合进行威胁追捕和进程文件定位。"
XDR降噪策略？,"降噪的整体策略是：先精炼压缩有效信息，然后通过多维数据提供更丰富的上下文举证，达到极致降噪的效果
降噪可以分别从网络侧降噪、终端侧降噪、端网关联降噪、通用降噪进行介绍
除了通用降噪技术，其余降噪手段都一定程度上依赖对“攻防场景”的理解，而这个理解本身取决于深信服长期积累的攻防经验与安全组件能力
【网络侧】
    我们先强调下定义和要做好网络侧降噪的基础依赖
定义：对于同一个事情，不断聚合到一条告警或事件上，并持续生长。
比方说爆破场景，虽然黑客用了多个源ip，爆破我方的一个资产，无论持续了多长时间，成功与否，其实描述的是同一个事实：该资产正在被黑客爆破。所以XDR只需要生成一条事件即可，无论是今天还是明天，都是在最初这条“爆破事件”上进行持续更新。要做到这点
我们需要依赖：资产方向+攻击类型（扫描、漏洞利用、webshell上传等）+资产唯一标识（如五元组）
网络侧告分为多对一、一对多、一对一 （前者指攻击源，后者指攻击目标）三种主要降噪场景，举些例子：
多对一：多个源ip爆破我方一个资产，这里的主要关注对象是我方受攻击资产，所以以资产为视角进行聚合
一对多：内网某个资产沦陷后横向扫描多个内网资产，这里的主要关注对象是发起扫描的资产，因为它大概率已沦陷
一对一：黑客持续在攻击我方一个资产，过程中可能利用了多种手法，执行了不同的恶意命令
【终端侧】
终端侧的降噪分为两大类，传统病毒查杀类和高级威胁类
1、传统病毒查杀：只有病毒查杀告警，有病毒路径、病毒名称、病毒文件hash几个关键因子。类似于网络侧告警的聚合逻辑，分为HASH唯一和病毒类别唯一两种情况。
a)HASH唯一：大部分病毒如挖矿、木马均可以以HASH+文件路径为唯一标识进行聚合，做到同一个病毒文件不反复告警
b)病毒类别唯一：感染型病毒在感染过程中会影响多个正常文件或程序，传统杀软因此会大量告警，导致告警疲劳难以抓住重点。此类病毒则需要以资产+病毒类别为唯一标识进行聚合，所以依赖对病毒类别的准确识别
"
通用降噪技术有哪些？,"1、在网络侧、终端侧、端网关联三大场景之上，XDR还有其他手段可以实现增强降噪的效果，在告警侧，可以通过“威胁定性”功能来快速分类需要用户关心的告警类别，比如：优先分析“人为手工”攻击类别，排除“病毒告警”的干扰。
2、XDR的XTH专家会从云端进行全网威胁狩猎，对遗漏的弱信号进行人工挖掘研判，捕获漏网之鱼，推送给用户"
